# Sample Bank onboarding dataset — remittance_flows, reporting month 2026-06 (push with as_of_date=2026-06-30).
month,direction,corridor_country,region,recipient_class,channel,currency,amount_fx,amount_usd,amount_ghs,transaction_count,operator_name,notes
2026-06-30,inbound,US,usa_canada,individual,mto,USD,1834477.82,1834477.82,20821323.26,4889,MoneyGram,
2026-06-30,inbound,US,usa_canada,individual,mobile_money,USD,833853.55,833853.55,9464237.85,3036,Telecel Cash interop,
2026-06-30,inbound,US,usa_canada,individual,bank,USD,600374.56,600374.56,6814251.25,2000,SWIFT MT103,
2026-06-30,inbound,US,usa_canada,individual,other,USD,66708.28,66708.28,757139.03,185,Correspondent cheque,
2026-06-30,inbound,US,usa_canada,exporter,bank,USD,267311.30,267311.30,3033983.30,8,SWIFT MT103,
2026-06-30,inbound,US,usa_canada,service_provider,bank,USD,177772.40,177772.40,2017716.73,29,SWIFT MT103,
2026-06-30,inbound,US,usa_canada,service_provider,mto,USD,31371.60,31371.60,356067.66,3,MoneyGram,
2026-06-30,inbound,US,usa_canada,ngo,bank,USD,161393.29,161393.29,1831813.82,12,SWIFT MT103,
2026-06-30,inbound,US,usa_canada,embassy,bank,USD,38842.07,38842.07,440857.54,1,SWIFT MT103,
2026-06-30,inbound,US,usa_canada,other,bank,USD,60094.66,60094.66,682074.37,14,SWIFT MT103,
2026-06-30,inbound,US,usa_canada,other,mto,USD,40063.11,40063.11,454716.25,11,WorldRemit,
2026-06-30,inbound,GB,uk,individual,mto,GBP,892460.03,1133424.24,12864365.07,4128,Western Union,
2026-06-30,inbound,GB,uk,individual,mobile_money,GBP,405663.65,515192.83,5847438.67,1455,Telecel Cash interop,
2026-06-30,inbound,GB,uk,individual,bank,GBP,292077.83,370938.84,4210155.84,992,SWIFT MT103,
2026-06-30,inbound,GB,uk,individual,other,GBP,32453.09,41215.43,467795.09,118,Correspondent cheque,
2026-06-30,inbound,GB,uk,exporter,bank,GBP,131253.26,166691.64,1891950.08,6,SWIFT MT103,
2026-06-30,inbound,GB,uk,service_provider,bank,GBP,117766.77,149563.80,1697549.07,26,SWIFT MT103,
2026-06-30,inbound,GB,uk,service_provider,mto,GBP,20782.37,26393.61,299567.48,4,WorldRemit,
2026-06-30,inbound,GB,uk,ngo,bank,GBP,82783.26,105134.74,1193279.30,8,SWIFT MT103,
2026-06-30,inbound,GB,uk,embassy,bank,GBP,20651.78,26227.77,297685.15,1,SWIFT MT103,
2026-06-30,inbound,GB,uk,other,bank,GBP,31786.61,40369.00,458188.11,9,SWIFT MT103,
2026-06-30,inbound,GB,uk,other,mto,GBP,21191.07,26912.66,305458.74,7,Remitly,
2026-06-30,inbound,CA,usa_canada,individual,mto,CAD,299300.75,218489.55,2479856.39,574,Ria,
2026-06-30,inbound,CA,usa_canada,individual,mobile_money,CAD,136045.80,99313.43,1127207.45,326,Telecel Cash interop,
2026-06-30,inbound,CA,usa_canada,individual,bank,CAD,97952.97,71505.67,811589.36,219,SWIFT MT103,
2026-06-30,inbound,CA,usa_canada,individual,other,CAD,10883.66,7945.07,90176.60,26,Correspondent cheque,
2026-06-30,inbound,CA,usa_canada,exporter,bank,CAD,56909.24,41543.75,471521.54,1,SWIFT MT103,
2026-06-30,inbound,CA,usa_canada,service_provider,bank,CAD,34391.97,25106.14,284954.65,3,SWIFT MT103,
2026-06-30,inbound,CA,usa_canada,service_provider,mto,CAD,6069.17,4430.49,50286.11,1,WorldRemit,
2026-06-30,inbound,CA,usa_canada,ngo,bank,CAD,28139.59,20541.90,233150.60,1,SWIFT MT103,
2026-06-30,inbound,CA,usa_canada,other,bank,CAD,8393.94,6127.58,69548.02,1,SWIFT MT103,
2026-06-30,inbound,CA,usa_canada,other,mto,CAD,5595.96,4085.05,46365.34,1,MoneyGram,
2026-06-30,inbound,DE,eu,individual,mto,EUR,321930.96,350904.74,3982768.81,1177,Ria,
2026-06-30,inbound,DE,eu,individual,mobile_money,EUR,146332.25,159502.15,1810349.46,471,MTN MoMo interop,
2026-06-30,inbound,DE,eu,individual,bank,EUR,105359.22,114841.55,1303451.61,307,SWIFT MT103,
2026-06-30,inbound,DE,eu,individual,other,EUR,11706.58,12760.17,144827.96,32,Correspondent cheque,
2026-06-30,inbound,DE,eu,exporter,bank,EUR,57843.85,63049.80,715615.25,1,SWIFT MT103,
2026-06-30,inbound,DE,eu,service_provider,bank,EUR,36702.75,40005.99,454068.01,6,SWIFT MT103,
2026-06-30,inbound,DE,eu,service_provider,mto,EUR,6476.96,7059.88,80129.65,1,MoneyGram,
2026-06-30,inbound,DE,eu,ngo,bank,EUR,36706.32,40009.89,454112.23,2,SWIFT MT103,
2026-06-30,inbound,DE,eu,embassy,bank,EUR,6293.48,6859.90,77859.83,1,SWIFT MT103,
2026-06-30,inbound,DE,eu,other,bank,EUR,9419.72,10267.49,116536.02,2,SWIFT MT103,
2026-06-30,inbound,DE,eu,other,mto,EUR,6279.81,6844.99,77690.68,1,Ria,
2026-06-30,inbound,IT,eu,individual,mto,EUR,324612.54,353827.67,4015944.04,997,MoneyGram,
2026-06-30,inbound,IT,eu,individual,mobile_money,EUR,147551.15,160830.76,1825429.11,454,MTN MoMo interop,
2026-06-30,inbound,IT,eu,individual,bank,EUR,106236.83,115798.15,1314308.96,366,SWIFT MT103,
2026-06-30,inbound,IT,eu,individual,other,EUR,11804.09,12866.46,146034.33,32,Correspondent cheque,
2026-06-30,inbound,IT,eu,exporter,bank,EUR,60146.38,65559.55,744100.91,2,SWIFT MT103,
2026-06-30,inbound,IT,eu,service_provider,bank,EUR,32501.09,35426.19,402087.25,6,SWIFT MT103,
2026-06-30,inbound,IT,eu,service_provider,mto,EUR,5735.49,6251.68,70956.57,1,MoneyGram,
2026-06-30,inbound,IT,eu,ngo,bank,EUR,35127.14,38288.58,434575.37,2,SWIFT MT103,
2026-06-30,inbound,IT,eu,other,bank,EUR,13490.07,14704.18,166892.41,4,SWIFT MT103,
2026-06-30,inbound,IT,eu,other,mto,EUR,8993.38,9802.78,111261.61,2,MoneyGram,
2026-06-30,inbound,NL,eu,individual,mto,EUR,194641.27,212158.98,2408004.46,649,Western Union,
2026-06-30,inbound,NL,eu,individual,mobile_money,EUR,88473.30,96435.90,1094547.48,358,Telecel Cash interop,
2026-06-30,inbound,NL,eu,individual,bank,EUR,63700.78,69433.85,788074.19,224,SWIFT MT103,
2026-06-30,inbound,NL,eu,individual,other,EUR,7077.86,7714.87,87563.80,26,Correspondent cheque,
2026-06-30,inbound,NL,eu,exporter,bank,EUR,36310.02,39577.93,449209.47,1,SWIFT MT103,
2026-06-30,inbound,NL,eu,service_provider,bank,EUR,22181.44,24177.77,274417.69,2,SWIFT MT103,
2026-06-30,inbound,NL,eu,service_provider,mto,EUR,3914.37,4266.67,48426.65,1,Ria,
2026-06-30,inbound,NL,eu,ngo,bank,EUR,18641.41,20319.14,230622.23,1,SWIFT MT103,
2026-06-30,inbound,NL,eu,other,bank,EUR,6920.90,7543.78,85621.94,1,SWIFT MT103,
2026-06-30,inbound,NL,eu,other,mto,EUR,4613.93,5029.19,57081.29,1,WorldRemit,
2026-06-30,inbound,ES,eu,individual,mto,EUR,100227.88,109248.38,1239969.17,350,Remitly,
2026-06-30,inbound,ES,eu,individual,mobile_money,EUR,45558.13,49658.36,563622.35,146,Telecel Cash interop,
2026-06-30,inbound,ES,eu,individual,bank,EUR,32801.85,35754.02,405808.09,131,SWIFT MT103,
2026-06-30,inbound,ES,eu,individual,other,EUR,3644.65,3972.67,45089.79,10,Correspondent cheque,
2026-06-30,inbound,ES,eu,exporter,bank,EUR,20531.72,22379.58,254008.23,1,SWIFT MT103,
2026-06-30,inbound,ES,eu,service_provider,bank,EUR,13703.44,14936.75,169532.13,2,SWIFT MT103,
2026-06-30,inbound,ES,eu,service_provider,mto,EUR,2418.25,2635.90,29917.43,1,Ria,
2026-06-30,inbound,ES,eu,ngo,bank,EUR,10347.69,11278.98,128016.42,1,SWIFT MT103,
2026-06-30,inbound,ES,eu,other,bank,EUR,3276.52,3571.41,40535.45,1,SWIFT MT103,
2026-06-30,inbound,ES,eu,other,mto,EUR,2184.35,2380.94,27023.63,1,Ria,
2026-06-30,inbound,FR,eu,individual,mto,EUR,78733.45,85819.46,974050.91,290,MoneyGram,
2026-06-30,inbound,FR,eu,individual,mobile_money,EUR,35787.93,39008.85,442750.41,97,MTN MoMo interop,
2026-06-30,inbound,FR,eu,individual,bank,EUR,25767.31,28086.37,318780.30,98,SWIFT MT103,
2026-06-30,inbound,FR,eu,individual,other,EUR,2863.03,3120.71,35420.03,10,Correspondent cheque,
2026-06-30,inbound,FR,eu,exporter,bank,EUR,11279.70,12294.88,139546.84,1,SWIFT MT103,
2026-06-30,inbound,FR,eu,service_provider,bank,EUR,8211.38,8950.40,101587.07,1,SWIFT MT103,
2026-06-30,inbound,FR,eu,service_provider,mto,EUR,1449.07,1579.48,17927.13,1,WorldRemit,
2026-06-30,inbound,FR,eu,ngo,bank,EUR,6405.50,6982.00,79245.66,1,SWIFT MT103,
2026-06-30,inbound,FR,eu,embassy,bank,EUR,1630.59,1777.34,20172.80,1,SWIFT MT103,
2026-06-30,inbound,FR,eu,other,bank,EUR,2579.37,2811.51,31910.62,1,SWIFT MT103,
2026-06-30,inbound,FR,eu,other,mto,EUR,1719.58,1874.34,21273.74,1,Taptap Send,
2026-06-30,inbound,NG,ecowas,individual,mto,USD,308475.34,308475.34,3501195.08,1077,WorldRemit,
2026-06-30,inbound,NG,ecowas,individual,bank,USD,100955.56,100955.56,1145845.66,256,SWIFT MT103,
2026-06-30,inbound,NG,ecowas,individual,other,USD,11217.28,11217.28,127316.18,31,Correspondent cheque,
2026-06-30,inbound,NG,ecowas,exporter,bank,USD,56403.83,56403.83,640183.48,1,SWIFT MT103,
2026-06-30,inbound,NG,ecowas,service_provider,bank,USD,37365.28,37365.28,424095.90,5,SWIFT MT103,
2026-06-30,inbound,NG,ecowas,service_provider,mto,USD,6593.87,6593.87,74840.45,1,Western Union,
2026-06-30,inbound,NG,ecowas,ngo,bank,USD,23246.45,23246.45,263847.22,1,SWIFT MT103,
2026-06-30,inbound,NG,ecowas,embassy,bank,USD,6002.54,6002.54,68128.78,1,SWIFT MT103,
2026-06-30,inbound,NG,ecowas,other,bank,USD,8216.71,8216.71,93259.68,2,SWIFT MT103,
2026-06-30,inbound,NG,ecowas,other,mto,USD,5477.81,5477.81,62173.12,1,WorldRemit,
2026-06-30,inbound,CI,ecowas,individual,mto,XOF,69439121.47,115268.94,1308302.49,305,MoneyGram,
2026-06-30,inbound,CI,ecowas,individual,bank,XOF,22725530.66,37724.38,428171.72,138,SWIFT MT103,
2026-06-30,inbound,CI,ecowas,individual,other,XOF,2525058.96,4191.60,47574.64,11,Correspondent cheque,
2026-06-30,inbound,CI,ecowas,exporter,bank,XOF,16365872.44,27167.35,308349.40,1,SWIFT MT103,
2026-06-30,inbound,CI,ecowas,service_provider,bank,XOF,11599219.63,19254.70,218540.90,3,SWIFT MT103,
2026-06-30,inbound,CI,ecowas,service_provider,mto,XOF,2046921.11,3397.89,38566.04,1,MoneyGram,
2026-06-30,inbound,CI,ecowas,ngo,bank,XOF,8594538.85,14266.93,161929.71,1,SWIFT MT103,
2026-06-30,inbound,CI,ecowas,other,bank,XOF,3218366.43,5342.49,60637.24,1,SWIFT MT103,
2026-06-30,inbound,CI,ecowas,other,mto,XOF,2145577.62,3561.66,40424.83,1,Western Union,
2026-06-30,inbound,TG,ecowas,individual,mto,XOF,37551237.80,62335.05,707502.87,198,Taptap Send,
2026-06-30,inbound,TG,ecowas,individual,bank,XOF,12289496.01,20400.56,231546.39,70,SWIFT MT103,
2026-06-30,inbound,TG,ecowas,individual,other,XOF,1365499.56,2266.73,25727.38,5,Correspondent cheque,
2026-06-30,inbound,TG,ecowas,service_provider,bank,XOF,3751989.56,6228.30,70691.24,1,SWIFT MT103,
2026-06-30,inbound,TG,ecowas,service_provider,mto,XOF,662115.80,1099.11,12474.92,1,Western Union,
2026-06-30,inbound,TG,ecowas,ngo,bank,XOF,3746550.23,6219.27,70588.75,1,SWIFT MT103,
2026-06-30,inbound,TG,ecowas,other,bank,XOF,1191837.00,1978.45,22455.40,1,SWIFT MT103,
2026-06-30,inbound,TG,ecowas,other,mto,XOF,794558.00,1318.97,14970.27,1,Remitly,
2026-06-30,inbound,BF,ecowas,individual,mto,XOF,22110295.94,36703.09,416580.09,123,Ria,
2026-06-30,inbound,BF,ecowas,individual,bank,XOF,7236096.85,12011.92,136335.30,37,SWIFT MT103,
2026-06-30,inbound,BF,ecowas,individual,other,XOF,804010.76,1334.66,15148.37,4,Correspondent cheque,
2026-06-30,inbound,BF,ecowas,service_provider,bank,XOF,3555256.35,5901.73,66984.58,1,SWIFT MT103,
2026-06-30,inbound,BF,ecowas,service_provider,mto,XOF,627398.18,1041.48,11820.81,1,Ria,
2026-06-30,inbound,BF,ecowas,ngo,bank,XOF,2400965.71,3985.60,45236.59,1,SWIFT MT103,
2026-06-30,inbound,BF,ecowas,other,bank,XOF,876845.57,1455.56,16520.65,1,SWIFT MT103,
2026-06-30,inbound,BF,ecowas,other,mto,XOF,584563.71,970.38,11013.76,1,Taptap Send,
2026-06-30,inbound,ZA,rest_of_africa,individual,mto,ZAR,2565046.59,141077.56,1601230.33,378,MoneyGram,
2026-06-30,inbound,ZA,rest_of_africa,individual,bank,ZAR,839469.79,46170.84,524039.02,150,SWIFT MT103,
2026-06-30,inbound,ZA,rest_of_africa,individual,other,ZAR,93274.42,5130.09,58226.56,13,Correspondent cheque,
2026-06-30,inbound,ZA,rest_of_africa,exporter,bank,ZAR,475433.00,26148.81,296789.05,1,SWIFT MT103,
2026-06-30,inbound,ZA,rest_of_africa,service_provider,bank,ZAR,333299.15,18331.45,208061.99,3,SWIFT MT103,
2026-06-30,inbound,ZA,rest_of_africa,service_provider,mto,ZAR,58817.50,3234.96,36716.82,1,Taptap Send,
2026-06-30,inbound,ZA,rest_of_africa,ngo,bank,ZAR,207181.03,11394.96,129332.76,1,SWIFT MT103,
2026-06-30,inbound,ZA,rest_of_africa,other,bank,ZAR,96392.85,5301.61,60173.24,1,SWIFT MT103,
2026-06-30,inbound,ZA,rest_of_africa,other,mto,ZAR,64261.90,3534.40,40115.49,1,Taptap Send,
2026-06-30,inbound,KE,rest_of_africa,individual,mto,USD,51532.25,51532.25,584891.04,142,Remitly,
2026-06-30,inbound,KE,rest_of_africa,individual,bank,USD,16865.10,16865.10,191418.89,51,SWIFT MT103,
2026-06-30,inbound,KE,rest_of_africa,individual,other,USD,1873.90,1873.90,21268.77,6,Correspondent cheque,
2026-06-30,inbound,KE,rest_of_africa,service_provider,bank,USD,4762.44,4762.44,54053.65,1,SWIFT MT103,
2026-06-30,inbound,KE,rest_of_africa,service_provider,mto,USD,840.43,840.43,9538.88,1,Taptap Send,
2026-06-30,inbound,KE,rest_of_africa,ngo,bank,USD,5370.94,5370.94,60960.19,1,SWIFT MT103,
2026-06-30,inbound,KE,rest_of_africa,other,bank,USD,1396.68,1396.68,15852.37,1,SWIFT MT103,
2026-06-30,inbound,KE,rest_of_africa,other,mto,USD,931.12,931.12,10568.24,1,WorldRemit,
2026-06-30,inbound,GA,rest_of_africa,individual,mto,USD,28604.13,28604.13,324656.92,84,Western Union,
2026-06-30,inbound,GA,rest_of_africa,individual,bank,USD,9361.35,9361.35,106251.35,33,SWIFT MT103,
2026-06-30,inbound,GA,rest_of_africa,individual,other,USD,1040.15,1040.15,11805.71,3,Correspondent cheque,
2026-06-30,inbound,GA,rest_of_africa,service_provider,bank,USD,3845.73,3845.73,43648.99,1,SWIFT MT103,
2026-06-30,inbound,GA,rest_of_africa,service_provider,mto,USD,678.66,678.66,7702.76,1,WorldRemit,
2026-06-30,inbound,GA,rest_of_africa,ngo,bank,USD,3960.68,3960.68,44953.68,1,SWIFT MT103,
2026-06-30,inbound,GA,rest_of_africa,other,bank,USD,1211.41,1211.41,13749.48,1,SWIFT MT103,
2026-06-30,inbound,GA,rest_of_africa,other,mto,USD,807.61,807.61,9166.32,1,MoneyGram,
2026-06-30,inbound,AE,other,individual,mto,AED,757988.50,206172.87,2340062.09,746,WorldRemit,
2026-06-30,inbound,AE,other,individual,mobile_money,AED,344540.23,93714.94,1063664.59,300,Telecel Cash interop,
2026-06-30,inbound,AE,other,individual,bank,AED,248068.96,67474.76,765838.50,224,SWIFT MT103,
2026-06-30,inbound,AE,other,individual,other,AED,27563.22,7497.20,85093.17,20,Correspondent cheque,
2026-06-30,inbound,AE,other,exporter,bank,AED,143454.93,39019.74,442874.05,1,SWIFT MT103,
2026-06-30,inbound,AE,other,service_provider,bank,AED,82220.47,22363.97,253831.04,3,SWIFT MT103,
2026-06-30,inbound,AE,other,service_provider,mto,AED,14509.49,3946.58,44793.71,1,Taptap Send,
2026-06-30,inbound,AE,other,ngo,bank,AED,76324.30,20760.21,235628.39,1,SWIFT MT103,
2026-06-30,inbound,AE,other,other,bank,AED,23580.67,6413.94,72798.24,1,SWIFT MT103,
2026-06-30,inbound,AE,other,other,mto,AED,15720.45,4275.96,48532.16,1,Taptap Send,
2026-06-30,inbound,AU,other,individual,mto,AUD,132243.03,87280.40,990632.51,246,Taptap Send,
2026-06-30,inbound,AU,other,individual,mobile_money,AUD,60110.47,39672.91,450287.51,142,Telecel Cash interop,
2026-06-30,inbound,AU,other,individual,bank,AUD,43279.54,28564.49,324207.00,103,SWIFT MT103,
2026-06-30,inbound,AU,other,individual,other,AUD,4808.84,3173.83,36023.00,9,Correspondent cheque,
2026-06-30,inbound,AU,other,exporter,bank,AUD,22805.92,15051.91,170839.14,1,SWIFT MT103,
2026-06-30,inbound,AU,other,service_provider,bank,AUD,17439.05,11509.77,130635.94,1,SWIFT MT103,
2026-06-30,inbound,AU,other,service_provider,mto,AUD,3077.48,2031.14,23053.40,1,Ria,
2026-06-30,inbound,AU,other,ngo,bank,AUD,14156.65,9343.39,106047.49,1,SWIFT MT103,
2026-06-30,inbound,AU,other,other,bank,AUD,4889.86,3227.31,36629.94,1,SWIFT MT103,
2026-06-30,inbound,AU,other,other,mto,AUD,3259.91,2151.54,24419.96,1,Remitly,
2026-06-30,inbound,CN,other,individual,mto,USD,79911.37,79911.37,906994.00,296,Western Union,
2026-06-30,inbound,CN,other,individual,mobile_money,USD,36323.35,36323.35,412270.00,97,Telecel Cash interop,
2026-06-30,inbound,CN,other,individual,bank,USD,26152.81,26152.81,296834.40,79,SWIFT MT103,
2026-06-30,inbound,CN,other,individual,other,USD,2905.87,2905.87,32981.60,7,Correspondent cheque,
2026-06-30,inbound,CN,other,exporter,bank,USD,14831.87,14831.87,168341.74,1,SWIFT MT103,
2026-06-30,inbound,CN,other,service_provider,bank,USD,10460.50,10460.50,118726.65,1,SWIFT MT103,
2026-06-30,inbound,CN,other,service_provider,mto,USD,1845.97,1845.97,20951.76,1,Western Union,
2026-06-30,inbound,CN,other,ngo,bank,USD,8471.30,8471.30,96149.26,1,SWIFT MT103,
2026-06-30,inbound,CN,other,embassy,bank,USD,2102.16,2102.16,23859.54,1,SWIFT MT103,
2026-06-30,inbound,CN,other,other,bank,USD,2794.73,2794.73,31720.24,1,SWIFT MT103,
2026-06-30,inbound,CN,other,other,mto,USD,1863.16,1863.16,21146.82,1,MoneyGram,
2026-06-30,inbound,SA,other,individual,mto,USD,46947.08,46947.08,532849.41,154,MoneyGram,
2026-06-30,inbound,SA,other,individual,mobile_money,USD,21339.58,21339.58,242204.28,57,Telecel Cash interop,
2026-06-30,inbound,SA,other,individual,bank,USD,15364.50,15364.50,174387.08,50,SWIFT MT103,
2026-06-30,inbound,SA,other,individual,other,USD,1707.17,1707.17,19376.34,6,Correspondent cheque,
2026-06-30,inbound,SA,other,exporter,bank,USD,10011.17,10011.17,113626.75,1,SWIFT MT103,
2026-06-30,inbound,SA,other,service_provider,bank,USD,6506.49,6506.49,73848.63,1,SWIFT MT103,
2026-06-30,inbound,SA,other,service_provider,mto,USD,1148.20,1148.20,13032.11,1,Taptap Send,
2026-06-30,inbound,SA,other,ngo,bank,USD,5646.60,5646.60,64088.90,1,SWIFT MT103,
2026-06-30,inbound,SA,other,embassy,bank,USD,1296.74,1296.74,14718.01,1,SWIFT MT103,
2026-06-30,inbound,SA,other,other,bank,USD,2063.52,2063.52,23420.94,1,SWIFT MT103,
2026-06-30,inbound,SA,other,other,mto,USD,1375.68,1375.68,15613.96,1,MoneyGram,
2026-06-30,outbound,US,usa_canada,other,bank,USD,57917.16,57917.16,657359.79,6,SWIFT MT103,outward customer transfer (not on BSD17)
2026-06-30,outbound,GB,uk,other,bank,GBP,39957.73,50746.31,575970.67,5,SWIFT MT103,outward customer transfer (not on BSD17)
2026-06-30,outbound,CN,other,other,bank,USD,82970.58,82970.58,941716.14,9,SWIFT MT103,outward customer transfer (not on BSD17)
2026-06-30,outbound,AE,other,other,bank,AED,345866.27,94075.62,1067758.34,10,SWIFT MT103,outward customer transfer (not on BSD17)
2026-06-30,outbound,NG,ecowas,other,bank,USD,56365.47,56365.47,639748.13,6,SWIFT MT103,outward customer transfer (not on BSD17)
2026-06-30,outbound,ZA,rest_of_africa,other,bank,ZAR,1896117.73,104286.48,1183651.49,11,SWIFT MT103,outward customer transfer (not on BSD17)
