source_reference,name,counterparty_type,country_code,resident,attributes.segment
CUST-D-0001,Kofi Dartey,RETAIL_INDIVIDUAL,GH,true,retail_individual
CUST-D-0002,Kwesi Baffour,RETAIL_INDIVIDUAL,GH,true,retail_individual
CUST-D-0003,Afia Ofori,RETAIL_INDIVIDUAL,GH,true,retail_individual
CUST-D-0004,Akosua Boateng,RETAIL_INDIVIDUAL,GH,true,retail_individual
CUST-D-0005,Efua Asante,RETAIL_INDIVIDUAL,GH,true,retail_individual
CUST-D-0006,Ama Frimpong,RETAIL_INDIVIDUAL,GH,true,retail_individual
CUST-D-0007,Yaa Mensah,RETAIL_INDIVIDUAL,GH,true,retail_individual
CUST-D-0008,Akosua Appiah,RETAIL_INDIVIDUAL,GH,true,retail_individual
CUST-D-0009,Adwoa Dartey,RETAIL_INDIVIDUAL,GH,true,retail_individual
CUST-D-0010,Abena Agyeman,RETAIL_INDIVIDUAL,GH,true,retail_individual
CUST-D-0011,Yaa Yeboah,RETAIL_INDIVIDUAL,GH,true,retail_individual
CUST-D-0012,Abena Mensah,RETAIL_INDIVIDUAL,GH,true,retail_individual
CUST-D-0013,Aba Boateng,RETAIL_INDIVIDUAL,GH,true,retail_individual
CUST-D-0014,Akua Asante,RETAIL_INDIVIDUAL,GH,true,retail_individual
CUST-D-0015,Kwame Baffour,RETAIL_INDIVIDUAL,GH,true,retail_individual
CUST-D-0016,Aba Ofori,RETAIL_INDIVIDUAL,GH,true,retail_individual
CUST-D-0017,Efua Adjei,RETAIL_INDIVIDUAL,GH,true,retail_individual
CUST-D-0018,Kofi Yeboah,RETAIL_INDIVIDUAL,GH,true,retail_individual
CUST-D-0019,Yaw Baffour,RETAIL_INDIVIDUAL,GH,true,retail_individual
CUST-D-0020,Akua Appiah,RETAIL_INDIVIDUAL,GH,true,retail_individual
CUST-D-0021,Yaa Appiah,RETAIL_INDIVIDUAL,GH,true,retail_individual
CUST-D-0022,Kwesi Osei,RETAIL_INDIVIDUAL,GH,true,retail_individual
CUST-D-0023,Yaw Mensah,RETAIL_INDIVIDUAL,GH,true,retail_individual
CUST-D-0024,Yaw Owusu,RETAIL_INDIVIDUAL,GH,true,retail_individual
CUST-D-0025,Kwabena Darko,RETAIL_INDIVIDUAL,GH,true,retail_individual
CUST-D-0026,Kwame Adjei,RETAIL_INDIVIDUAL,GH,true,retail_individual
CUST-D-0027,Fiifi Dartey,RETAIL_INDIVIDUAL,GH,true,retail_individual
CUST-D-0028,Kwesi Ofori,RETAIL_INDIVIDUAL,GH,true,retail_individual
CUST-D-0029,Esi Agyeman,RETAIL_INDIVIDUAL,GH,true,retail_individual
CUST-D-0030,Akua Boateng,RETAIL_INDIVIDUAL,GH,true,retail_individual
CUST-D-0031,Fiifi Dartey,RETAIL_INDIVIDUAL,GH,true,retail_individual
CUST-D-0032,Kwame Baffour,RETAIL_INDIVIDUAL,GH,true,retail_individual
CUST-D-0033,Yaa Dartey,RETAIL_INDIVIDUAL,GH,true,retail_individual
CUST-D-0034,Yaa Quaye,RETAIL_INDIVIDUAL,GH,true,retail_individual
CUST-D-0035,Akosua Asante,RETAIL_INDIVIDUAL,GH,true,retail_individual
CUST-D-0036,Adwoa Mensah,RETAIL_INDIVIDUAL,GH,true,retail_individual
CUST-D-0037,Fiifi Appiah,RETAIL_INDIVIDUAL,GH,true,retail_individual
CUST-D-0038,Akosua Appiah,RETAIL_INDIVIDUAL,GH,true,retail_individual
CUST-D-0039,Kojo Owusu,RETAIL_INDIVIDUAL,GH,true,retail_individual
CUST-D-0040,Kojo Appiah,RETAIL_INDIVIDUAL,GH,true,retail_individual
CUST-D-0041,Kwame Adjei,RETAIL_INDIVIDUAL,GH,true,retail_individual
CUST-D-0042,Kofi Asante,RETAIL_INDIVIDUAL,GH,true,retail_individual
CUST-D-0043,Kojo Quaye,RETAIL_INDIVIDUAL,GH,true,retail_individual
CUST-D-0044,Fiifi Ofori,RETAIL_INDIVIDUAL,GH,true,retail_individual
CUST-D-0045,Kofi Dartey,RETAIL_INDIVIDUAL,GH,true,retail_individual
CUST-D-0046,Nana Yeboah,RETAIL_INDIVIDUAL,GH,true,retail_individual
CUST-D-0047,Efua Mensah,RETAIL_INDIVIDUAL,GH,true,retail_individual
CUST-D-0048,Esi Asante,RETAIL_INDIVIDUAL,GH,true,retail_individual
CUST-D-0049,Abena Ofori,RETAIL_INDIVIDUAL,GH,true,retail_individual
CUST-D-0050,Akosua Appiah,RETAIL_INDIVIDUAL,GH,true,retail_individual
CUST-D-0051,Ama Frimpong,RETAIL_INDIVIDUAL,GH,true,retail_individual
CUST-D-0052,Aba Quaye,RETAIL_INDIVIDUAL,GH,true,retail_individual
CUST-D-0053,Kojo Darko,RETAIL_INDIVIDUAL,GH,true,retail_individual
CUST-D-0054,Adwoa Dartey,RETAIL_INDIVIDUAL,GH,true,retail_individual
CUST-D-0055,Ama Quaye,RETAIL_INDIVIDUAL,GH,true,retail_individual
CUST-D-0056,Efua Agyeman,RETAIL_INDIVIDUAL,GH,true,retail_individual
CUST-D-0057,Akua Owusu,RETAIL_INDIVIDUAL,GH,true,retail_individual
CUST-D-0058,Yaa Owusu,RETAIL_INDIVIDUAL,GH,true,retail_individual
CUST-D-0059,Fiifi Darko,RETAIL_INDIVIDUAL,GH,true,retail_individual
CUST-D-0060,Efua Asante,RETAIL_INDIVIDUAL,GH,true,retail_individual
CUST-D-0061,Kwesi Mensah,RETAIL_INDIVIDUAL,GH,true,retail_individual
CUST-D-0062,Kwame Frimpong,RETAIL_INDIVIDUAL,GH,true,retail_individual
CUST-D-0063,Esi Asante,RETAIL_INDIVIDUAL,GH,true,retail_individual
CUST-D-0064,Kwabena Adjei,RETAIL_INDIVIDUAL,GH,true,retail_individual
CUST-D-0065,Yaw Owusu,RETAIL_INDIVIDUAL,GH,true,retail_individual
CUST-D-0066,Nana Darko,RETAIL_INDIVIDUAL,GH,true,retail_individual
CUST-D-0067,Efua Agyeman,RETAIL_INDIVIDUAL,GH,true,retail_individual
CUST-D-0068,Yaw Darko,RETAIL_INDIVIDUAL,GH,true,retail_individual
CUST-D-0069,Yaa Osei,RETAIL_INDIVIDUAL,GH,true,retail_individual
CUST-D-0070,Fiifi Dartey,RETAIL_INDIVIDUAL,GH,true,retail_individual
CUST-D-0071,Kofi Owusu,RETAIL_INDIVIDUAL,GH,true,retail_individual
CUST-D-0072,Kwame Antwi,RETAIL_INDIVIDUAL,GH,true,retail_individual
CUST-D-0073,Yaa Asante,RETAIL_INDIVIDUAL,GH,true,retail_individual
CUST-D-0074,Akua Darko,RETAIL_INDIVIDUAL,GH,true,retail_individual
CUST-D-0075,Kwesi Osei,RETAIL_INDIVIDUAL,GH,true,retail_individual
CUST-D-0076,Kwame Darko,RETAIL_INDIVIDUAL,GH,true,retail_individual
CUST-D-0077,Esi Quaye,RETAIL_INDIVIDUAL,GH,true,retail_individual
CUST-D-0078,Efua Boateng,RETAIL_INDIVIDUAL,GH,true,retail_individual
CUST-D-0079,Yaa Asante,RETAIL_INDIVIDUAL,GH,true,retail_individual
CUST-D-0080,Abena Osei,RETAIL_INDIVIDUAL,GH,true,retail_individual
CUST-D-0081,Adwoa Boateng,RETAIL_INDIVIDUAL,GH,true,retail_individual
CUST-D-0082,Ama Dartey,RETAIL_INDIVIDUAL,GH,true,retail_individual
CUST-D-0083,Fiifi Baffour,RETAIL_INDIVIDUAL,GH,true,retail_individual
CUST-D-0084,Kofi Asante,RETAIL_INDIVIDUAL,GH,true,retail_individual
CUST-D-0085,Ama Appiah,RETAIL_INDIVIDUAL,GH,true,retail_individual
CUST-D-0086,Esi Agyeman,RETAIL_INDIVIDUAL,GH,true,retail_individual
CUST-D-0087,Kwesi Antwi,RETAIL_INDIVIDUAL,GH,true,retail_individual
CUST-D-0088,Kojo Owusu,RETAIL_INDIVIDUAL,GH,true,retail_individual
CUST-D-0089,Akua Quaye,RETAIL_INDIVIDUAL,GH,true,retail_individual
CUST-D-0090,Aba Osei,RETAIL_INDIVIDUAL,GH,true,retail_individual
CUST-D-0091,Aba Appiah,RETAIL_INDIVIDUAL,GH,true,retail_individual
CUST-D-0092,Kofi Asante,RETAIL_INDIVIDUAL,GH,true,retail_individual
CUST-D-0093,Akosua Quaye,RETAIL_INDIVIDUAL,GH,true,retail_individual
CUST-D-0094,Yaw Darko,RETAIL_INDIVIDUAL,GH,true,retail_individual
CUST-D-0095,Nana Quaye,RETAIL_INDIVIDUAL,GH,true,retail_individual
CUST-D-0096,Kwabena Owusu,RETAIL_INDIVIDUAL,GH,true,retail_individual
CUST-D-0097,Yaw Frimpong,RETAIL_INDIVIDUAL,GH,true,retail_individual
CUST-D-0098,Yaa Yeboah,RETAIL_INDIVIDUAL,GH,true,retail_individual
CUST-D-0099,Yaw Asante,RETAIL_INDIVIDUAL,GH,true,retail_individual
CUST-D-0100,Abena Asante,RETAIL_INDIVIDUAL,GH,true,retail_individual
CUST-D-0101,Yaa Frimpong,RETAIL_INDIVIDUAL,GH,true,retail_individual
CUST-D-0102,Akua Frimpong,RETAIL_INDIVIDUAL,GH,true,retail_individual
CUST-D-0103,Nana Antwi,RETAIL_INDIVIDUAL,GH,true,retail_individual
CUST-D-0104,Esi Boateng,RETAIL_INDIVIDUAL,GH,true,retail_individual
CUST-D-0105,Akua Quaye,RETAIL_INDIVIDUAL,GH,true,retail_individual
CUST-D-0106,Aba Darko,RETAIL_INDIVIDUAL,GH,true,retail_individual
CUST-D-0107,Esi Appiah,RETAIL_INDIVIDUAL,GH,true,retail_individual
CUST-D-0108,Aba Yeboah,RETAIL_INDIVIDUAL,GH,true,retail_individual
CUST-D-0109,Adwoa Owusu,RETAIL_INDIVIDUAL,GH,true,retail_individual
CUST-D-0110,Akosua Baffour,RETAIL_INDIVIDUAL,GH,true,retail_individual
CUST-D-0111,Kwame Yeboah,RETAIL_INDIVIDUAL,GH,true,retail_individual
CUST-D-0112,Akosua Mensah,RETAIL_INDIVIDUAL,GH,true,retail_individual
CUST-D-0113,Yaw Appiah,RETAIL_INDIVIDUAL,GH,true,retail_individual
CUST-D-0114,Afia Antwi,RETAIL_INDIVIDUAL,GH,true,retail_individual
CUST-D-0115,Ama Baffour,RETAIL_INDIVIDUAL,GH,true,retail_individual
CUST-D-0116,Ama Asante,RETAIL_INDIVIDUAL,GH,true,retail_individual
CUST-D-0117,Yaw Antwi,RETAIL_INDIVIDUAL,GH,true,retail_individual
CUST-D-0118,Akosua Darko,RETAIL_INDIVIDUAL,GH,true,retail_individual
CUST-D-0119,Akua Boateng,RETAIL_INDIVIDUAL,GH,true,retail_individual
CUST-D-0120,Kofi Agyeman,RETAIL_INDIVIDUAL,GH,true,retail_individual
CUST-D-0121,Fiifi Asante,RETAIL_INDIVIDUAL,GH,true,retail_individual
CUST-D-0122,Adwoa Baffour,RETAIL_INDIVIDUAL,GH,true,retail_individual
CUST-D-0123,Esi Dartey,RETAIL_INDIVIDUAL,GH,true,retail_individual
CUST-D-0124,Aba Owusu,RETAIL_INDIVIDUAL,GH,true,retail_individual
CUST-D-0125,Fiifi Asante,RETAIL_INDIVIDUAL,GH,true,retail_individual
CUST-D-0126,Yaa Boateng,RETAIL_INDIVIDUAL,GH,true,retail_individual
CUST-D-0127,Kwesi Antwi,RETAIL_INDIVIDUAL,GH,true,retail_individual
CUST-D-0128,Kofi Ofori,RETAIL_INDIVIDUAL,GH,true,retail_individual
CUST-D-0129,Aba Owusu,RETAIL_INDIVIDUAL,GH,true,retail_individual
CUST-D-0130,Afia Ofori,RETAIL_INDIVIDUAL,GH,true,retail_individual
CUST-D-0131,Yaa Antwi,RETAIL_INDIVIDUAL,GH,true,retail_individual
CUST-D-0132,Yaw Ofori,RETAIL_INDIVIDUAL,GH,true,retail_individual
CUST-D-0133,Akua Dartey,RETAIL_INDIVIDUAL,GH,true,retail_individual
CUST-D-0134,Kojo Mensah,RETAIL_INDIVIDUAL,GH,true,retail_individual
CUST-D-0135,Kwesi Boateng,RETAIL_INDIVIDUAL,GH,true,retail_individual
CUST-D-0136,Afia Baffour,RETAIL_INDIVIDUAL,GH,true,retail_individual
CUST-D-0137,Kojo Boateng,RETAIL_INDIVIDUAL,GH,true,retail_individual
CUST-D-0138,Akosua Darko,RETAIL_INDIVIDUAL,GH,true,retail_individual
CUST-D-0139,Kwame Mensah,RETAIL_INDIVIDUAL,GH,true,retail_individual
CUST-D-0140,Kwesi Quaye,RETAIL_INDIVIDUAL,GH,true,retail_individual
CUST-D-0141,Adwoa Mensah,RETAIL_INDIVIDUAL,GH,true,retail_individual
CUST-D-0142,Kwesi Owusu,RETAIL_INDIVIDUAL,GH,true,retail_individual
CUST-D-0143,Fiifi Agyeman,RETAIL_INDIVIDUAL,GH,true,retail_individual
CUST-D-0144,Kojo Appiah,RETAIL_INDIVIDUAL,GH,true,retail_individual
CUST-D-0145,Kwabena Dartey,RETAIL_INDIVIDUAL,GH,true,retail_individual
CUST-D-0146,Akua Osei,RETAIL_INDIVIDUAL,GH,true,retail_individual
CUST-D-0147,Fiifi Osei,RETAIL_INDIVIDUAL,GH,true,retail_individual
CUST-D-0148,Kojo Dartey,RETAIL_INDIVIDUAL,GH,true,retail_individual
CUST-D-0149,Akua Darko,RETAIL_INDIVIDUAL,GH,true,retail_individual
CUST-D-0150,Kwame Baffour,RETAIL_INDIVIDUAL,GH,true,retail_individual
CUST-D-0151,Kwame Baffour,RETAIL_INDIVIDUAL,GH,true,retail_individual
CUST-D-0152,Kwesi Agyeman,RETAIL_INDIVIDUAL,GH,true,retail_individual
CUST-D-0153,Kwabena Boateng,RETAIL_INDIVIDUAL,GH,true,retail_individual
CUST-D-0154,Efua Agyeman,RETAIL_INDIVIDUAL,GH,true,retail_individual
CUST-D-0155,Kwabena Dartey,RETAIL_INDIVIDUAL,GH,true,retail_individual
CUST-D-0156,Akosua Baffour,RETAIL_INDIVIDUAL,GH,true,retail_individual
CUST-D-0157,Esi Ofori,RETAIL_INDIVIDUAL,GH,true,retail_individual
CUST-D-0158,Yaw Yeboah,RETAIL_INDIVIDUAL,GH,true,retail_individual
CUST-D-0159,Akua Quaye,RETAIL_INDIVIDUAL,GH,true,retail_individual
CUST-D-0160,Ama Yeboah,RETAIL_INDIVIDUAL,GH,true,retail_individual
CUST-D-0161,Ama Owusu,RETAIL_INDIVIDUAL,GH,true,retail_individual
CUST-D-0162,Abena Osei,RETAIL_INDIVIDUAL,GH,true,retail_individual
CUST-D-0163,Kofi Frimpong,RETAIL_INDIVIDUAL,GH,true,retail_individual
CUST-D-0164,Yaa Ofori,RETAIL_INDIVIDUAL,GH,true,retail_individual
CUST-D-0165,Esi Boateng,RETAIL_INDIVIDUAL,GH,true,retail_individual
CUST-D-0166,Akosua Dartey,RETAIL_INDIVIDUAL,GH,true,retail_individual
CUST-D-0167,Nana Baffour,RETAIL_INDIVIDUAL,GH,true,retail_individual
CUST-D-0168,Efua Mensah,RETAIL_INDIVIDUAL,GH,true,retail_individual
CUST-D-0169,Ama Baffour,RETAIL_INDIVIDUAL,GH,true,retail_individual
CUST-D-0170,Akosua Owusu,RETAIL_INDIVIDUAL,GH,true,retail_individual
CUST-D-0171,Abena Owusu,RETAIL_INDIVIDUAL,GH,true,retail_individual
CUST-D-0172,Kwabena Quaye,RETAIL_INDIVIDUAL,GH,true,retail_individual
CUST-D-0173,Kwesi Ofori,RETAIL_INDIVIDUAL,GH,true,retail_individual
CUST-D-0174,Kojo Boateng,RETAIL_INDIVIDUAL,GH,true,retail_individual
CUST-D-0175,Kwesi Osei,RETAIL_INDIVIDUAL,GH,true,retail_individual
CUST-D-0176,Fiifi Dartey,RETAIL_INDIVIDUAL,GH,true,retail_individual
CUST-D-0177,Kwame Antwi,RETAIL_INDIVIDUAL,GH,true,retail_individual
CUST-D-0178,Akosua Dartey,RETAIL_INDIVIDUAL,GH,true,retail_individual
CUST-D-0179,Yaw Antwi,RETAIL_INDIVIDUAL,GH,true,retail_individual
CUST-D-0180,Fiifi Yeboah,RETAIL_INDIVIDUAL,GH,true,retail_individual
CUST-D-0181,Kwesi Adjei,RETAIL_INDIVIDUAL,GH,true,retail_individual
CUST-D-0182,Ama Baffour,RETAIL_INDIVIDUAL,GH,true,retail_individual
CUST-D-0183,Esi Agyeman,RETAIL_INDIVIDUAL,GH,true,retail_individual
CUST-D-0184,Afia Boateng,RETAIL_INDIVIDUAL,GH,true,retail_individual
CUST-D-0185,Fiifi Frimpong,RETAIL_INDIVIDUAL,GH,true,retail_individual
CUST-D-0186,Kwame Adjei,RETAIL_INDIVIDUAL,GH,true,retail_individual
CUST-D-0187,Akua Dartey,RETAIL_INDIVIDUAL,GH,true,retail_individual
CUST-D-0188,Akosua Boateng,RETAIL_INDIVIDUAL,GH,true,retail_individual
CUST-D-0189,Akosua Mensah,RETAIL_INDIVIDUAL,GH,true,retail_individual
CUST-D-0190,Fiifi Dartey,RETAIL_INDIVIDUAL,GH,true,retail_individual
CUST-D-0191,Nana Osei,RETAIL_INDIVIDUAL,GH,true,retail_individual
CUST-D-0192,Akua Frimpong,RETAIL_INDIVIDUAL,GH,true,retail_individual
CUST-D-0193,Kwesi Frimpong,RETAIL_INDIVIDUAL,GH,true,retail_individual
CUST-D-0194,Nana Asante,RETAIL_INDIVIDUAL,GH,true,retail_individual
CUST-D-0195,Ama Dartey,RETAIL_INDIVIDUAL,GH,true,retail_individual
CUST-D-0196,Efua Dartey,RETAIL_INDIVIDUAL,GH,true,retail_individual
CUST-D-0197,Akua Appiah,RETAIL_INDIVIDUAL,GH,true,retail_individual
CUST-D-0198,Kwesi Antwi,RETAIL_INDIVIDUAL,GH,true,retail_individual
CUST-D-0199,Akua Ofori,RETAIL_INDIVIDUAL,GH,true,retail_individual
CUST-D-0200,Afia Mensah,RETAIL_INDIVIDUAL,GH,true,retail_individual
CUST-D-0201,Akua Antwi,RETAIL_INDIVIDUAL,GH,true,retail_individual
CUST-D-0202,Akosua Frimpong,RETAIL_INDIVIDUAL,GH,true,retail_individual
CUST-D-0203,Kwame Owusu,RETAIL_INDIVIDUAL,GH,true,retail_individual
CUST-D-0204,Kwesi Yeboah,RETAIL_INDIVIDUAL,GH,true,retail_individual
CUST-D-0205,Kwame Adjei,RETAIL_INDIVIDUAL,GH,true,retail_individual
CUST-D-0206,Adwoa Osei,RETAIL_INDIVIDUAL,GH,true,retail_individual
CUST-D-0207,Yaa Mensah,RETAIL_INDIVIDUAL,GH,true,retail_individual
CUST-D-0208,Kwame Asante,RETAIL_INDIVIDUAL,GH,true,retail_individual
CUST-D-0209,Akua Osei,RETAIL_INDIVIDUAL,GH,true,retail_individual
CUST-D-0210,Nana Dartey,RETAIL_INDIVIDUAL,GH,true,retail_individual
CUST-D-0211,Kojo Antwi,RETAIL_INDIVIDUAL,GH,true,retail_individual
CUST-D-0212,Nana Appiah,RETAIL_INDIVIDUAL,GH,true,retail_individual
CUST-D-0213,Kwesi Baffour,RETAIL_INDIVIDUAL,GH,true,retail_individual
CUST-D-0214,Kwabena Antwi,RETAIL_INDIVIDUAL,GH,true,retail_individual
CUST-D-0215,Yaa Yeboah,RETAIL_INDIVIDUAL,GH,true,retail_individual
CUST-D-0216,Nana Agyeman,RETAIL_INDIVIDUAL,GH,true,retail_individual
CUST-D-0217,Kwabena Quaye,RETAIL_INDIVIDUAL,GH,true,retail_individual
CUST-D-0218,Abena Owusu,RETAIL_INDIVIDUAL,GH,true,retail_individual
CUST-D-0219,Fiifi Baffour,RETAIL_INDIVIDUAL,GH,true,retail_individual
CUST-D-0220,Adwoa Osei,RETAIL_INDIVIDUAL,GH,true,retail_individual
CUST-D-0221,Kojo Asante,RETAIL_INDIVIDUAL,GH,true,retail_individual
CUST-D-0222,Akosua Appiah,RETAIL_INDIVIDUAL,GH,true,retail_individual
CUST-D-0223,Nana Antwi,RETAIL_INDIVIDUAL,GH,true,retail_individual
CUST-D-0224,Akosua Baffour,RETAIL_INDIVIDUAL,GH,true,retail_individual
CUST-D-0225,Kwesi Adjei,RETAIL_INDIVIDUAL,GH,true,retail_individual
CUST-D-0226,Nana Darko,RETAIL_INDIVIDUAL,GH,true,retail_individual
CUST-D-0227,Kwame Owusu,RETAIL_INDIVIDUAL,GH,true,retail_individual
CUST-D-0228,Kofi Asante,RETAIL_INDIVIDUAL,GH,true,retail_individual
CUST-D-0229,Kojo Mensah,RETAIL_INDIVIDUAL,GH,true,retail_individual
CUST-D-0230,Abena Darko,RETAIL_INDIVIDUAL,GH,true,retail_individual
CUST-D-0231,Aba Mensah,RETAIL_INDIVIDUAL,GH,true,retail_individual
CUST-D-0232,Ama Dartey,RETAIL_INDIVIDUAL,GH,true,retail_individual
CUST-D-0233,Efua Appiah,RETAIL_INDIVIDUAL,GH,true,retail_individual
CUST-D-0234,Esi Baffour,RETAIL_INDIVIDUAL,GH,true,retail_individual
CUST-D-0235,Akua Frimpong,RETAIL_INDIVIDUAL,GH,true,retail_individual
CUST-D-0236,Nana Osei,RETAIL_INDIVIDUAL,GH,true,retail_individual
CUST-D-0237,Afia Yeboah,RETAIL_INDIVIDUAL,GH,true,retail_individual
CUST-D-0238,Kwabena Yeboah,RETAIL_INDIVIDUAL,GH,true,retail_individual
CUST-D-0239,Afia Owusu,RETAIL_INDIVIDUAL,GH,true,retail_individual
CUST-D-0240,Ama Boateng,RETAIL_INDIVIDUAL,GH,true,retail_individual
CUST-D-0241,Kwesi Boateng,RETAIL_INDIVIDUAL,GH,true,retail_individual
CUST-D-0242,Akua Quaye,RETAIL_INDIVIDUAL,GH,true,retail_individual
CUST-D-0243,Nana Baffour,RETAIL_INDIVIDUAL,GH,true,retail_individual
CUST-D-0244,Nana Agyeman,RETAIL_INDIVIDUAL,GH,true,retail_individual
CUST-D-0245,Esi Osei,RETAIL_INDIVIDUAL,GH,true,retail_individual
CUST-D-0246,Yaa Osei,RETAIL_INDIVIDUAL,GH,true,retail_individual
CUST-D-0247,Nana Frimpong,RETAIL_INDIVIDUAL,GH,true,retail_individual
CUST-D-0248,Kwame Asante,RETAIL_INDIVIDUAL,GH,true,retail_individual
CUST-D-0249,Afia Ofori,RETAIL_INDIVIDUAL,GH,true,retail_individual
CUST-D-0250,Kojo Owusu,RETAIL_INDIVIDUAL,GH,true,retail_individual
CUST-D-0251,Kwabena Asante,RETAIL_INDIVIDUAL,GH,true,retail_individual
CUST-D-0252,Ama Owusu,RETAIL_INDIVIDUAL,GH,true,retail_individual
CUST-D-0253,Yaa Ofori,RETAIL_INDIVIDUAL,GH,true,retail_individual
CUST-D-0254,Yaw Darko,RETAIL_INDIVIDUAL,GH,true,retail_individual
CUST-D-0255,Abena Asante,RETAIL_INDIVIDUAL,GH,true,retail_individual
CUST-D-0256,Kwabena Baffour,RETAIL_INDIVIDUAL,GH,true,retail_individual
CUST-D-0257,Abena Dartey,RETAIL_INDIVIDUAL,GH,true,retail_individual
CUST-D-0258,Yaa Osei,RETAIL_INDIVIDUAL,GH,true,retail_individual
CUST-D-0259,Abena Adjei,RETAIL_INDIVIDUAL,GH,true,retail_individual
CUST-D-0260,Nana Boateng,RETAIL_INDIVIDUAL,GH,true,retail_individual
CUST-D-0261,Kofi Ofori,RETAIL_INDIVIDUAL,GH,true,retail_individual
CUST-D-0262,Efua Ofori,RETAIL_INDIVIDUAL,GH,true,retail_individual
CUST-D-0263,Yaw Quaye,RETAIL_INDIVIDUAL,GH,true,retail_individual
CUST-D-0264,Akua Antwi,RETAIL_INDIVIDUAL,GH,true,retail_individual
CUST-D-0265,Esi Asante,RETAIL_INDIVIDUAL,GH,true,retail_individual
CUST-D-0266,Kwame Asante,RETAIL_INDIVIDUAL,GH,true,retail_individual
CUST-D-0267,Nana Appiah,RETAIL_INDIVIDUAL,GH,true,retail_individual
CUST-D-0268,Afia Frimpong,RETAIL_INDIVIDUAL,GH,true,retail_individual
CUST-D-0269,Akua Baffour,RETAIL_INDIVIDUAL,GH,true,retail_individual
CUST-D-0270,Nana Mensah,RETAIL_INDIVIDUAL,GH,true,retail_individual
CUST-D-0271,Akua Asante,RETAIL_INDIVIDUAL,GH,true,retail_individual
CUST-D-0272,Afia Agyeman,RETAIL_INDIVIDUAL,GH,true,retail_individual
CUST-D-0273,Adwoa Quaye,RETAIL_INDIVIDUAL,GH,true,retail_individual
CUST-D-0274,Kwabena Quaye,RETAIL_INDIVIDUAL,GH,true,retail_individual
CUST-D-0275,Yaa Frimpong,RETAIL_INDIVIDUAL,GH,true,retail_individual
CUST-D-0276,Adwoa Quaye,RETAIL_INDIVIDUAL,GH,true,retail_individual
CUST-D-0277,Fiifi Baffour,RETAIL_INDIVIDUAL,GH,true,retail_individual
CUST-D-0278,Ama Antwi,RETAIL_INDIVIDUAL,GH,true,retail_individual
CUST-D-0279,Kwame Yeboah,RETAIL_INDIVIDUAL,GH,true,retail_individual
CUST-D-0280,Abena Quaye,RETAIL_INDIVIDUAL,GH,true,retail_individual
CUST-D-0281,Kwame Dartey,RETAIL_INDIVIDUAL,GH,true,retail_individual
CUST-D-0282,Nana Quaye,RETAIL_INDIVIDUAL,GH,true,retail_individual
CUST-D-0283,Akosua Adjei,RETAIL_INDIVIDUAL,GH,true,retail_individual
CUST-D-0284,Kwesi Mensah,RETAIL_INDIVIDUAL,GH,true,retail_individual
CUST-D-0285,Kofi Mensah,RETAIL_INDIVIDUAL,GH,true,retail_individual
CUST-D-0286,Yaa Antwi,RETAIL_INDIVIDUAL,GH,true,retail_individual
CUST-D-0287,Efua Mensah,RETAIL_INDIVIDUAL,GH,true,retail_individual
CUST-D-0288,Akua Antwi,RETAIL_INDIVIDUAL,GH,true,retail_individual
CUST-D-0289,Yaw Mensah,RETAIL_INDIVIDUAL,GH,true,retail_individual
CUST-D-0290,Afia Boateng,RETAIL_INDIVIDUAL,GH,true,retail_individual
CUST-D-0291,Kwesi Asante,RETAIL_INDIVIDUAL,GH,true,retail_individual
CUST-D-0292,Adwoa Antwi,RETAIL_INDIVIDUAL,GH,true,retail_individual
CUST-D-0293,Kwame Adjei,RETAIL_INDIVIDUAL,GH,true,retail_individual
CUST-D-0294,Akosua Antwi,RETAIL_INDIVIDUAL,GH,true,retail_individual
CUST-D-0295,Yaa Antwi,RETAIL_INDIVIDUAL,GH,true,retail_individual
CUST-D-0296,Kofi Boateng,RETAIL_INDIVIDUAL,GH,true,retail_individual
CUST-D-0297,Esi Ofori,RETAIL_INDIVIDUAL,GH,true,retail_individual
CUST-D-0298,Esi Dartey,RETAIL_INDIVIDUAL,GH,true,retail_individual
CUST-D-0299,Yaa Baffour,RETAIL_INDIVIDUAL,GH,true,retail_individual
CUST-D-0300,Fiifi Agyeman,RETAIL_INDIVIDUAL,GH,true,retail_individual
CUST-D-0301,Fiifi Owusu,RETAIL_INDIVIDUAL,GH,true,retail_individual
CUST-D-0302,Afia Yeboah,RETAIL_INDIVIDUAL,GH,true,retail_individual
CUST-D-0303,Ama Darko,RETAIL_INDIVIDUAL,GH,true,retail_individual
CUST-D-0304,Akua Osei,RETAIL_INDIVIDUAL,GH,true,retail_individual
CUST-D-0305,Fiifi Dartey,RETAIL_INDIVIDUAL,GH,true,retail_individual
CUST-D-0306,Kwabena Agyeman,RETAIL_INDIVIDUAL,GH,true,retail_individual
CUST-D-0307,Kwesi Dartey,RETAIL_INDIVIDUAL,GH,true,retail_individual
CUST-D-0308,Yaa Dartey,RETAIL_INDIVIDUAL,GH,true,retail_individual
CUST-D-0309,Yaw Mensah,RETAIL_INDIVIDUAL,GH,true,retail_individual
CUST-D-0310,Fiifi Osei,RETAIL_INDIVIDUAL,GH,true,retail_individual
CUST-D-0311,Fiifi Osei,RETAIL_INDIVIDUAL,GH,true,retail_individual
CUST-D-0312,Efua Dartey,RETAIL_INDIVIDUAL,GH,true,retail_individual
CUST-D-0313,Akua Adjei,RETAIL_INDIVIDUAL,GH,true,retail_individual
CUST-D-0314,Fiifi Adjei,RETAIL_INDIVIDUAL,GH,true,retail_individual
CUST-D-0315,Abena Agyeman,RETAIL_INDIVIDUAL,GH,true,retail_individual
CUST-D-0316,Ama Dartey,RETAIL_INDIVIDUAL,GH,true,retail_individual
CUST-D-0317,Esi Adjei,RETAIL_INDIVIDUAL,GH,true,retail_individual
CUST-D-0318,Ama Osei,RETAIL_INDIVIDUAL,GH,true,retail_individual
CUST-D-0319,Ama Darko,RETAIL_INDIVIDUAL,GH,true,retail_individual
CUST-D-0320,Aba Dartey,RETAIL_INDIVIDUAL,GH,true,retail_individual
CUST-D-0321,Fiifi Mensah,RETAIL_INDIVIDUAL,GH,true,retail_individual
CUST-D-0322,Kwame Owusu,RETAIL_INDIVIDUAL,GH,true,retail_individual
CUST-D-0323,Ama Adjei,RETAIL_INDIVIDUAL,GH,true,retail_individual
CUST-D-0324,Yaa Agyeman,RETAIL_INDIVIDUAL,GH,true,retail_individual
CUST-D-0325,Akosua Mensah,RETAIL_INDIVIDUAL,GH,true,retail_individual
CUST-D-0326,Efua Antwi,RETAIL_INDIVIDUAL,GH,true,retail_individual
CUST-D-0327,Kofi Boateng,RETAIL_INDIVIDUAL,GH,true,retail_individual
CUST-D-0328,Akua Boateng,RETAIL_INDIVIDUAL,GH,true,retail_individual
CUST-D-0329,Akua Boateng,RETAIL_INDIVIDUAL,GH,true,retail_individual
CUST-D-0330,Kojo Darko,RETAIL_INDIVIDUAL,GH,true,retail_individual
CUST-D-0331,Akosua Baffour,RETAIL_INDIVIDUAL,GH,true,retail_individual
CUST-D-0332,Abena Owusu,RETAIL_INDIVIDUAL,GH,true,retail_individual
CUST-D-0333,Nana Darko,RETAIL_INDIVIDUAL,GH,true,retail_individual
CUST-D-0334,Esi Mensah,RETAIL_INDIVIDUAL,GH,true,retail_individual
CUST-D-0335,Kojo Baffour,RETAIL_INDIVIDUAL,GH,true,retail_individual
CUST-D-0336,Fiifi Frimpong,RETAIL_INDIVIDUAL,GH,true,retail_individual
CUST-D-0337,Kojo Owusu,RETAIL_INDIVIDUAL,GH,true,retail_individual
CUST-D-0338,Efua Mensah,RETAIL_INDIVIDUAL,GH,true,retail_individual
CUST-D-0339,Abena Dartey,RETAIL_INDIVIDUAL,GH,true,retail_individual
CUST-D-0340,Yaw Ofori,RETAIL_INDIVIDUAL,GH,true,retail_individual
CUST-D-0341,Efua Asante,RETAIL_INDIVIDUAL,GH,true,retail_individual
CUST-D-0342,Fiifi Mensah,RETAIL_INDIVIDUAL,GH,true,retail_individual
CUST-D-0343,Adwoa Mensah,RETAIL_INDIVIDUAL,GH,true,retail_individual
CUST-D-0344,Efua Baffour,RETAIL_INDIVIDUAL,GH,true,retail_individual
CUST-D-0345,Akosua Mensah,RETAIL_INDIVIDUAL,GH,true,retail_individual
CUST-D-0346,Abena Mensah,RETAIL_INDIVIDUAL,GH,true,retail_individual
CUST-D-0347,Kwesi Darko,RETAIL_INDIVIDUAL,GH,true,retail_individual
CUST-D-0348,Kwesi Frimpong,RETAIL_INDIVIDUAL,GH,true,retail_individual
CUST-D-0349,Efua Dartey,RETAIL_INDIVIDUAL,GH,true,retail_individual
CUST-D-0350,Kwame Appiah,RETAIL_INDIVIDUAL,GH,true,retail_individual
CUST-D-0351,Abena Boateng,RETAIL_INDIVIDUAL,GH,true,retail_individual
CUST-D-0352,Akua Baffour,RETAIL_INDIVIDUAL,GH,true,retail_individual
CUST-D-0353,Efua Osei,RETAIL_INDIVIDUAL,GH,true,retail_individual
CUST-D-0354,Nana Quaye,RETAIL_INDIVIDUAL,GH,true,retail_individual
CUST-D-0355,Abena Boateng,RETAIL_INDIVIDUAL,GH,true,retail_individual
CUST-D-0356,Fiifi Appiah,RETAIL_INDIVIDUAL,GH,true,retail_individual
CUST-D-0357,Aba Yeboah,RETAIL_INDIVIDUAL,GH,true,retail_individual
CUST-D-0358,Kwesi Antwi,RETAIL_INDIVIDUAL,GH,true,retail_individual
CUST-D-0359,Kwabena Yeboah,RETAIL_INDIVIDUAL,GH,true,retail_individual
CUST-D-0360,Nana Appiah,RETAIL_INDIVIDUAL,GH,true,retail_individual
CUST-D-0361,Adwoa Dartey,RETAIL_INDIVIDUAL,GH,true,retail_individual
CUST-D-0362,Nana Frimpong,RETAIL_INDIVIDUAL,GH,true,retail_individual
CUST-D-0363,Kwesi Baffour,RETAIL_INDIVIDUAL,GH,true,retail_individual
CUST-D-0364,Kwame Ofori,RETAIL_INDIVIDUAL,GH,true,retail_individual
CUST-D-0365,Yaw Mensah,RETAIL_INDIVIDUAL,GH,true,retail_individual
CUST-D-0366,Akua Appiah,RETAIL_INDIVIDUAL,GH,true,retail_individual
CUST-D-0367,Kojo Antwi,RETAIL_INDIVIDUAL,GH,true,retail_individual
CUST-D-0368,Ama Dartey,RETAIL_INDIVIDUAL,GH,true,retail_individual
CUST-D-0369,Ama Owusu,RETAIL_INDIVIDUAL,GH,true,retail_individual
CUST-D-0370,Yaa Agyeman,RETAIL_INDIVIDUAL,GH,true,retail_individual
CUST-D-0371,Adwoa Dartey,RETAIL_INDIVIDUAL,GH,true,retail_individual
CUST-D-0372,Asante Pharmacy,SME,GH,true,sme
CUST-D-0373,Owusu Pharmacy,SME,GH,true,sme
CUST-D-0374,Efua Darko,RETAIL_INDIVIDUAL,GH,true,retail_individual
CUST-D-0375,Yeboah Hardware,SME,GH,true,sme
CUST-D-0376,Abena Agyeman,RETAIL_INDIVIDUAL,GH,true,retail_individual
CUST-D-0377,Frimpong Farms,SME,GH,true,sme
CUST-D-0378,Frimpong Agro,SME,GH,true,sme
CUST-D-0379,Boateng Motors,SME,GH,true,sme
CUST-D-0380,Yeboah Logistics,SME,GH,true,sme
CUST-D-0381,Baffour Agro,SME,GH,true,sme
CUST-D-0382,Owusu Enterprise,SME,GH,true,sme
CUST-D-0383,Yaa Darko,RETAIL_INDIVIDUAL,GH,true,retail_individual
CUST-D-0384,Abena Antwi,RETAIL_INDIVIDUAL,GH,true,retail_individual
CUST-D-0385,Frimpong Enterprise,SME,GH,true,sme
CUST-D-0386,Kwame Frimpong,RETAIL_INDIVIDUAL,GH,true,retail_individual
CUST-D-0387,Efua Quaye,RETAIL_INDIVIDUAL,GH,true,retail_individual
CUST-D-0388,Nana Adjei,RETAIL_INDIVIDUAL,GH,true,retail_individual
CUST-D-0389,Asante Printing,SME,GH,true,sme
CUST-D-0390,Appiah Enterprise,SME,GH,true,sme
CUST-D-0391,Kwesi Antwi,RETAIL_INDIVIDUAL,GH,true,retail_individual
CUST-D-0392,Akosua Yeboah,RETAIL_INDIVIDUAL,GH,true,retail_individual
CUST-D-0393,Kwabena Ofori,RETAIL_INDIVIDUAL,GH,true,retail_individual
CUST-D-0394,Yaw Dartey,RETAIL_INDIVIDUAL,GH,true,retail_individual
CUST-D-0395,Darko Enterprise,SME,GH,true,sme
CUST-D-0396,Darko Foods,SME,GH,true,sme
CUST-D-0397,Boateng Enterprise,SME,GH,true,sme
CUST-D-0398,Dartey Printing,SME,GH,true,sme
CUST-D-0399,Ofori Foods,SME,GH,true,sme
CUST-D-0400,Owusu Enterprise,SME,GH,true,sme
CUST-D-0401,Adwoa Baffour,RETAIL_INDIVIDUAL,GH,true,retail_individual
CUST-D-0402,Asante Logistics,SME,GH,true,sme
CUST-D-0403,Antwi Enterprise,SME,GH,true,sme
CUST-D-0404,Adwoa Adjei,RETAIL_INDIVIDUAL,GH,true,retail_individual
CUST-D-0405,Antwi Trading,SME,GH,true,sme
CUST-D-0406,Ama Antwi,RETAIL_INDIVIDUAL,GH,true,retail_individual
CUST-D-0407,Yaw Boateng,RETAIL_INDIVIDUAL,GH,true,retail_individual
CUST-D-0408,Frimpong Enterprise,SME,GH,true,sme
CUST-D-0409,Aba Asante,RETAIL_INDIVIDUAL,GH,true,retail_individual
CUST-D-0410,Fiifi Asante,RETAIL_INDIVIDUAL,GH,true,retail_individual
CUST-D-0411,Boateng Pharmacy,SME,GH,true,sme
CUST-D-0412,Antwi Ventures,SME,GH,true,sme
CUST-D-0413,Adwoa Mensah,RETAIL_INDIVIDUAL,GH,true,retail_individual
CUST-D-0414,Agyeman Trading,SME,GH,true,sme
CUST-D-0415,Nana Ofori,RETAIL_INDIVIDUAL,GH,true,retail_individual
CUST-D-0416,Adjei Hardware,SME,GH,true,sme
CUST-D-0417,Adwoa Appiah,RETAIL_INDIVIDUAL,GH,true,retail_individual
CUST-D-0418,Ofori Foods,SME,GH,true,sme
CUST-D-0419,Yaw Darko,RETAIL_INDIVIDUAL,GH,true,retail_individual
CUST-D-0420,Agyeman Tailoring,SME,GH,true,sme
CUST-D-0421,Boateng Foods,SME,GH,true,sme
CUST-D-0422,Adjei Fabrics,SME,GH,true,sme
CUST-D-0423,Kwame Mensah,RETAIL_INDIVIDUAL,GH,true,retail_individual
CUST-D-0424,Kwesi Owusu,RETAIL_INDIVIDUAL,GH,true,retail_individual
CUST-D-0425,Kojo Ofori,RETAIL_INDIVIDUAL,GH,true,retail_individual
CUST-D-0426,Yeboah Farms,SME,GH,true,sme
CUST-D-0427,Frimpong Foods,SME,GH,true,sme
CUST-D-0428,Adwoa Mensah,RETAIL_INDIVIDUAL,GH,true,retail_individual
CUST-D-0429,Dartey Enterprise,SME,GH,true,sme
CUST-D-0430,Esi Yeboah,RETAIL_INDIVIDUAL,GH,true,retail_individual
CUST-D-0431,Quaye Motors,SME,GH,true,sme
CUST-D-0432,Ama Mensah,RETAIL_INDIVIDUAL,GH,true,retail_individual
CUST-D-0433,Yaa Owusu,RETAIL_INDIVIDUAL,GH,true,retail_individual
CUST-D-0434,Yaw Baffour,RETAIL_INDIVIDUAL,GH,true,retail_individual
CUST-D-0435,Yeboah Ventures,SME,GH,true,sme
CUST-D-0436,Ofori Cold Store,SME,GH,true,sme
CUST-D-0437,Baffour Foods,SME,GH,true,sme
CUST-D-0438,Boateng Hardware,SME,GH,true,sme
CUST-D-0439,Kwame Yeboah,RETAIL_INDIVIDUAL,GH,true,retail_individual
CUST-D-0440,Boateng Hardware,SME,GH,true,sme
CUST-D-0441,Nana Appiah,RETAIL_INDIVIDUAL,GH,true,retail_individual
CUST-D-0442,Antwi Trading,SME,GH,true,sme
CUST-D-0443,Frimpong Pharmacy,SME,GH,true,sme
CUST-D-0444,Owusu Tailoring,SME,GH,true,sme
CUST-D-0445,Agyeman Cold Store,SME,GH,true,sme
CUST-D-0446,Aba Boateng,RETAIL_INDIVIDUAL,GH,true,retail_individual
CUST-D-0447,Kojo Darko,RETAIL_INDIVIDUAL,GH,true,retail_individual
CUST-D-0448,Frimpong Agro,SME,GH,true,sme
CUST-D-0449,Kofi Asante,RETAIL_INDIVIDUAL,GH,true,retail_individual
CUST-D-0450,Efua Agyeman,RETAIL_INDIVIDUAL,GH,true,retail_individual
CUST-D-0451,Owusu Trading,SME,GH,true,sme
CUST-D-0452,Ofori Trading,SME,GH,true,sme
CUST-D-0453,Yaa Owusu,RETAIL_INDIVIDUAL,GH,true,retail_individual
CUST-D-0454,Boateng Logistics,SME,GH,true,sme
CUST-D-0455,Frimpong Ventures,SME,GH,true,sme
CUST-D-0456,Appiah Enterprise,SME,GH,true,sme
CUST-D-0457,Efua Asante,RETAIL_INDIVIDUAL,GH,true,retail_individual
CUST-D-0458,Owusu Fabrics,SME,GH,true,sme
CUST-D-0459,Baffour Cold Store,SME,GH,true,sme
CUST-D-0460,Nana Mensah,RETAIL_INDIVIDUAL,GH,true,retail_individual
CUST-D-0461,Dartey Pharmacy,SME,GH,true,sme
CUST-D-0462,Owusu Enterprise,SME,GH,true,sme
CUST-D-0463,Ofori Enterprise,SME,GH,true,sme
CUST-D-0464,Antwi Logistics,SME,GH,true,sme
CUST-D-0465,Antwi Motors,SME,GH,true,sme
CUST-D-0466,Quaye Agro,SME,GH,true,sme
CUST-D-0467,Darko Tailoring,SME,GH,true,sme
CUST-D-0468,Ofori Hardware,SME,GH,true,sme
CUST-D-0469,Nana Owusu,RETAIL_INDIVIDUAL,GH,true,retail_individual
CUST-D-0470,Akua Adjei,RETAIL_INDIVIDUAL,GH,true,retail_individual
CUST-D-0471,Esi Frimpong,RETAIL_INDIVIDUAL,GH,true,retail_individual
CUST-D-0472,Antwi Cold Store,SME,GH,true,sme
CUST-D-0473,Akosua Owusu,RETAIL_INDIVIDUAL,GH,true,retail_individual
CUST-D-0474,Yaw Ofori,RETAIL_INDIVIDUAL,GH,true,retail_individual
CUST-D-0475,Frimpong Fabrics,SME,GH,true,sme
CUST-D-0476,Yaa Adjei,RETAIL_INDIVIDUAL,GH,true,retail_individual
CUST-D-0477,Akosua Appiah,RETAIL_INDIVIDUAL,GH,true,retail_individual
CUST-D-0478,Fiifi Mensah,RETAIL_INDIVIDUAL,GH,true,retail_individual
CUST-D-0479,Appiah Hardware,SME,GH,true,sme
CUST-D-0480,Quaye Logistics,SME,GH,true,sme
CUST-D-0481,Owusu Agro,SME,GH,true,sme
CUST-D-0482,Yaa Dartey,RETAIL_INDIVIDUAL,GH,true,retail_individual
CUST-D-0483,Mensah Foods,SME,GH,true,sme
CUST-D-0484,Kojo Asante,RETAIL_INDIVIDUAL,GH,true,retail_individual
CUST-D-0485,Adwoa Boateng,RETAIL_INDIVIDUAL,GH,true,retail_individual
CUST-D-0486,Boateng Hardware,SME,GH,true,sme
CUST-D-0487,Darko Agro,SME,GH,true,sme
CUST-D-0488,Yeboah Trading,SME,GH,true,sme
CUST-D-0489,Ama Mensah,RETAIL_INDIVIDUAL,GH,true,retail_individual
CUST-D-0490,Dartey Enterprise,SME,GH,true,sme
CUST-D-0491,Yaw Osei,RETAIL_INDIVIDUAL,GH,true,retail_individual
CUST-D-0492,Kofi Adjei,RETAIL_INDIVIDUAL,GH,true,retail_individual
CUST-D-0493,Kwesi Dartey,RETAIL_INDIVIDUAL,GH,true,retail_individual
CUST-D-0494,Adjei Enterprise,SME,GH,true,sme
CUST-D-0495,Baffour Ventures,SME,GH,true,sme
CUST-D-0496,Mensah Cold Store,SME,GH,true,sme
CUST-D-0497,Mensah Hardware,SME,GH,true,sme
CUST-D-0498,Quaye Enterprise,SME,GH,true,sme
CUST-D-0499,Yaa Owusu,RETAIL_INDIVIDUAL,GH,true,retail_individual
CUST-D-0500,Baffour Enterprise,SME,GH,true,sme
CUST-D-0501,Akua Darko,RETAIL_INDIVIDUAL,GH,true,retail_individual
CUST-D-0502,Antwi Cold Store,SME,GH,true,sme
CUST-D-0503,Appiah Cold Store,SME,GH,true,sme
CUST-D-0504,Yeboah Enterprise,SME,GH,true,sme
CUST-D-0505,Antwi Fabrics,SME,GH,true,sme
CUST-D-0506,Nana Darko,RETAIL_INDIVIDUAL,GH,true,retail_individual
CUST-D-0507,Ofori Tailoring,SME,GH,true,sme
CUST-D-0508,Esi Quaye,RETAIL_INDIVIDUAL,GH,true,retail_individual
CUST-D-0509,Quaye Pharmacy,SME,GH,true,sme
CUST-D-0510,Nana Asante,RETAIL_INDIVIDUAL,GH,true,retail_individual
CUST-D-0511,Asante Printing,SME,GH,true,sme
CUST-D-0512,Mensah Logistics,SME,GH,true,sme
CUST-D-0513,Kwabena Adjei,RETAIL_INDIVIDUAL,GH,true,retail_individual
CUST-D-0514,Frimpong Ventures,SME,GH,true,sme
CUST-D-0515,Adwoa Mensah,RETAIL_INDIVIDUAL,GH,true,retail_individual
CUST-D-0516,Adwoa Darko,RETAIL_INDIVIDUAL,GH,true,retail_individual
CUST-D-0517,Mensah Foods,SME,GH,true,sme
CUST-D-0518,Asante Hardware,SME,GH,true,sme
CUST-D-0519,Antwi Hardware,SME,GH,true,sme
CUST-D-0520,Ofori Agro,SME,GH,true,sme
CUST-D-0521,Appiah Pharmacy,SME,GH,true,sme
CUST-D-0522,Osei Logistics,SME,GH,true,sme
CUST-D-0523,Osei Motors,SME,GH,true,sme
CUST-D-0524,Afia Darko,RETAIL_INDIVIDUAL,GH,true,retail_individual
CUST-D-0525,Kofi Owusu,RETAIL_INDIVIDUAL,GH,true,retail_individual
CUST-D-0526,Owusu Foods,SME,GH,true,sme
CUST-D-0527,Baffour Printing,SME,GH,true,sme
CUST-D-0528,Baffour Hardware,SME,GH,true,sme
CUST-D-0529,Mensah Hardware,SME,GH,true,sme
CUST-D-0530,Kwame Darko,RETAIL_INDIVIDUAL,GH,true,retail_individual
CUST-D-0531,Quaye Printing,SME,GH,true,sme
CUST-D-0532,Frimpong Foods,SME,GH,true,sme
CUST-D-0533,Boateng Printing,SME,GH,true,sme
CUST-D-0534,Efua Asante,RETAIL_INDIVIDUAL,GH,true,retail_individual
CUST-D-0535,Antwi Motors,SME,GH,true,sme
CUST-D-0536,Boateng Enterprise,SME,GH,true,sme
CUST-D-0537,Antwi Hardware,SME,GH,true,sme
CUST-D-0538,Kwesi Quaye,RETAIL_INDIVIDUAL,GH,true,retail_individual
CUST-D-0539,Agyeman Motors,SME,GH,true,sme
CUST-D-0540,Kwesi Quaye,RETAIL_INDIVIDUAL,GH,true,retail_individual
CUST-D-0541,Fiifi Yeboah,RETAIL_INDIVIDUAL,GH,true,retail_individual
CUST-D-0542,Aba Dartey,RETAIL_INDIVIDUAL,GH,true,retail_individual
CUST-D-0543,Quaye Enterprise,SME,GH,true,sme
CUST-D-0544,Kofi Yeboah,RETAIL_INDIVIDUAL,GH,true,retail_individual
CUST-D-0545,Darko Pharmacy,SME,GH,true,sme
CUST-D-0546,Asante Printing,SME,GH,true,sme
CUST-D-0547,Kwame Frimpong,RETAIL_INDIVIDUAL,GH,true,retail_individual
CUST-D-0548,Ama Mensah,RETAIL_INDIVIDUAL,GH,true,retail_individual
CUST-D-0549,Yaw Antwi,RETAIL_INDIVIDUAL,GH,true,retail_individual
CUST-D-0550,Efua Ofori,RETAIL_INDIVIDUAL,GH,true,retail_individual
CUST-D-0551,Kwame Frimpong,RETAIL_INDIVIDUAL,GH,true,retail_individual
CUST-D-0552,Ama Mensah,RETAIL_INDIVIDUAL,GH,true,retail_individual
CUST-D-0553,Kwabena Osei,RETAIL_INDIVIDUAL,GH,true,retail_individual
CUST-D-0554,Efua Baffour,RETAIL_INDIVIDUAL,GH,true,retail_individual
CUST-D-0555,Yaa Osei,RETAIL_INDIVIDUAL,GH,true,retail_individual
CUST-D-0556,Ofori Agro,SME,GH,true,sme
CUST-D-0557,Asante Logistics,SME,GH,true,sme
CUST-D-0558,Mensah Pharmacy,SME,GH,true,sme
CUST-D-0559,Ofori Tailoring,SME,GH,true,sme
CUST-D-0560,Owusu Motors,SME,GH,true,sme
CUST-D-0561,Yaw Appiah,RETAIL_INDIVIDUAL,GH,true,retail_individual
CUST-D-0562,Fiifi Asante,RETAIL_INDIVIDUAL,GH,true,retail_individual
CUST-D-0563,Kwabena Darko,RETAIL_INDIVIDUAL,GH,true,retail_individual
CUST-D-0564,Kwabena Adjei,RETAIL_INDIVIDUAL,GH,true,retail_individual
CUST-D-0565,Yaw Quaye,RETAIL_INDIVIDUAL,GH,true,retail_individual
CUST-D-0566,Baffour Hardware,SME,GH,true,sme
CUST-D-0567,Esi Dartey,RETAIL_INDIVIDUAL,GH,true,retail_individual
CUST-D-0568,Kwame Osei,RETAIL_INDIVIDUAL,GH,true,retail_individual
CUST-D-0569,Owusu Logistics,SME,GH,true,sme
CUST-D-0570,Yeboah Hardware,SME,GH,true,sme
CUST-D-0571,Aba Baffour,RETAIL_INDIVIDUAL,GH,true,retail_individual
CUST-D-0572,Dartey Farms,SME,GH,true,sme
CUST-D-0573,Asante Agro,SME,GH,true,sme
CUST-D-0574,Kojo Boateng,RETAIL_INDIVIDUAL,GH,true,retail_individual
CUST-D-0575,Yaa Mensah,RETAIL_INDIVIDUAL,GH,true,retail_individual
CUST-D-0576,Quaye Agro,SME,GH,true,sme
CUST-D-0577,Quaye Ventures,SME,GH,true,sme
CUST-D-0578,Aba Boateng,RETAIL_INDIVIDUAL,GH,true,retail_individual
CUST-D-0579,Owusu Pharmacy,SME,GH,true,sme
CUST-D-0580,Akosua Asante,RETAIL_INDIVIDUAL,GH,true,retail_individual
CUST-D-0581,Antwi Printing,SME,GH,true,sme
CUST-D-0582,Kofi Dartey,RETAIL_INDIVIDUAL,GH,true,retail_individual
CUST-D-0583,Nana Appiah,RETAIL_INDIVIDUAL,GH,true,retail_individual
CUST-D-0584,Adwoa Owusu,RETAIL_INDIVIDUAL,GH,true,retail_individual
CUST-D-0585,Aba Adjei,RETAIL_INDIVIDUAL,GH,true,retail_individual
CUST-D-0586,Akua Adjei,RETAIL_INDIVIDUAL,GH,true,retail_individual
CUST-D-0587,Adjei Hardware,SME,GH,true,sme
CUST-D-0588,Yaw Boateng,RETAIL_INDIVIDUAL,GH,true,retail_individual
CUST-D-0589,Asante Fabrics,SME,GH,true,sme
CUST-D-0590,Darko Fabrics,SME,GH,true,sme
CUST-D-0591,Appiah Motors,SME,GH,true,sme
CUST-D-0592,Adjei Logistics,SME,GH,true,sme
CUST-D-0593,Akua Mensah,RETAIL_INDIVIDUAL,GH,true,retail_individual
CUST-D-0594,Yaw Darko,RETAIL_INDIVIDUAL,GH,true,retail_individual
CUST-D-0595,Asante Motors,SME,GH,true,sme
CUST-D-0596,Yaw Quaye,RETAIL_INDIVIDUAL,GH,true,retail_individual
CUST-D-0597,Yaa Dartey,RETAIL_INDIVIDUAL,GH,true,retail_individual
CUST-D-0598,Yaa Frimpong,RETAIL_INDIVIDUAL,GH,true,retail_individual
CUST-D-0599,Ofori Motors,SME,GH,true,sme
CUST-D-0600,Akua Yeboah,RETAIL_INDIVIDUAL,GH,true,retail_individual
CP-BOG,Bank of Ghana,CENTRAL_BANK,GH,true,central_bank
CP-GOG,Government of Ghana,SOVEREIGN,GH,true,sovereign
CUST-L-0001,Asante Farms,SME,GH,true,sme
CUST-L-0002,Osei Pharmacy,SME,GH,true,sme
CUST-L-0003,Agyeman Foods,SME,GH,true,sme
CUST-L-0004,Ofori Agro,SME,GH,true,sme
CUST-L-0005,Osei Logistics,SME,GH,true,sme
CUST-L-0006,Darko Foods,SME,GH,true,sme
CUST-L-0007,Baffour Motors,SME,GH,true,sme
CUST-L-0008,Agyeman Cold Store,SME,GH,true,sme
CUST-L-0009,Darko Ventures,SME,GH,true,sme
CUST-L-0010,Appiah Printing,SME,GH,true,sme
CUST-L-0011,Yeboah Cold Store,SME,GH,true,sme
CUST-L-0012,Boateng Pharmacy,SME,GH,true,sme
CUST-L-0013,Baffour Trading,SME,GH,true,sme
CUST-L-0014,Osei Logistics,SME,GH,true,sme
CUST-L-0015,Appiah Farms,SME,GH,true,sme
CUST-L-0016,Mensah Pharmacy,SME,GH,true,sme
CUST-L-0017,Mensah Foods,SME,GH,true,sme
CUST-L-0018,Boateng Cold Store,SME,GH,true,sme
CUST-L-0019,Osei Printing,SME,GH,true,sme
CUST-L-0020,Darko Agro,SME,GH,true,sme
CUST-L-0021,Antwi Printing,SME,GH,true,sme
CUST-L-0022,Frimpong Farms,SME,GH,true,sme
CUST-L-0023,Frimpong Agro,SME,GH,true,sme
CUST-L-0024,Ofori Hardware,SME,GH,true,sme
CUST-L-0025,Boateng Agro,SME,GH,true,sme
CUST-L-0026,Antwi Tailoring,SME,GH,true,sme
CUST-L-0027,Frimpong Foods,SME,GH,true,sme
CUST-L-0028,Mensah Trading,SME,GH,true,sme
CUST-L-0029,Ofori Enterprise,SME,GH,true,sme
CUST-L-0030,Boateng Enterprise,SME,GH,true,sme
CUST-L-0031,Adjei Hardware,SME,GH,true,sme
CUST-L-0032,Quaye Cold Store,SME,GH,true,sme
CUST-L-0033,Asante Agro,SME,GH,true,sme
CUST-L-0034,Baffour Hardware,SME,GH,true,sme
CUST-L-0035,Quaye Trading,SME,GH,true,sme
CUST-L-0036,Owusu Hardware,SME,GH,true,sme
CUST-L-0037,Yeboah Farms,SME,GH,true,sme
CUST-L-0038,Boateng Hardware,SME,GH,true,sme
CUST-L-0039,Antwi Fabrics,SME,GH,true,sme
CUST-L-0040,Appiah Ventures,SME,GH,true,sme
CUST-L-0041,Dartey Hardware,SME,GH,true,sme
CUST-L-0042,Mensah Foods,SME,GH,true,sme
CUST-L-0043,Baffour Cold Store,SME,GH,true,sme
CUST-L-0044,Agyeman Fabrics,SME,GH,true,sme
CUST-L-0045,Darko Ventures,SME,GH,true,sme
CUST-L-0046,Agyeman Enterprise,SME,GH,true,sme
CUST-L-0047,Antwi Trading,SME,GH,true,sme
CUST-L-0048,Mensah Printing,SME,GH,true,sme
CUST-L-0049,Owusu Trading,SME,GH,true,sme
CUST-L-0050,Antwi Fabrics,SME,GH,true,sme
CUST-L-0051,Frimpong Agro,SME,GH,true,sme
CUST-L-0052,Darko Fabrics,SME,GH,true,sme
CUST-L-0053,Osei Agro,SME,GH,true,sme
CUST-L-0054,Yeboah Tailoring,SME,GH,true,sme
CUST-L-0055,Osei Ventures,SME,GH,true,sme
CUST-L-0056,Boateng Farms,SME,GH,true,sme
CUST-L-0057,Ofori Farms,SME,GH,true,sme
CUST-L-0058,Antwi Foods,SME,GH,true,sme
CUST-L-0059,Darko Logistics,SME,GH,true,sme
CUST-L-0060,Adjei Hardware,SME,GH,true,sme
CUST-L-0061,Dartey Foods,SME,GH,true,sme
CUST-L-0062,Frimpong Printing,SME,GH,true,sme
CUST-L-0063,Mensah Logistics,SME,GH,true,sme
CUST-L-0064,Ofori Foods,SME,GH,true,sme
CUST-L-0065,Yeboah Pharmacy,SME,GH,true,sme
CUST-L-0066,Frimpong Ventures,SME,GH,true,sme
CUST-L-0067,Dartey Agro,SME,GH,true,sme
CUST-L-0068,Frimpong Enterprise,SME,GH,true,sme
CUST-L-0069,Mensah Ventures,SME,GH,true,sme
CUST-L-0070,Boateng Logistics,SME,GH,true,sme
CUST-L-0071,Osei Cold Store,SME,GH,true,sme
CUST-L-0072,Boateng Farms,SME,GH,true,sme
CUST-L-0073,Adjei Ventures,SME,GH,true,sme
CUST-L-0074,Owusu Farms,SME,GH,true,sme
CUST-L-0075,Mensah Cold Store,SME,GH,true,sme
CUST-L-0076,Frimpong Logistics,SME,GH,true,sme
CUST-L-0077,Darko Hardware,SME,GH,true,sme
CUST-L-0078,Mensah Enterprise,SME,GH,true,sme
CUST-L-0079,Agyeman Motors,SME,GH,true,sme
CUST-L-0080,Adjei Fabrics,SME,GH,true,sme
CUST-L-0081,Adwoa Osei,RETAIL_INDIVIDUAL,GH,true,retail_individual
CUST-L-0082,Fiifi Mensah,RETAIL_INDIVIDUAL,GH,true,retail_individual
CUST-L-0083,Kwame Darko,RETAIL_INDIVIDUAL,GH,true,retail_individual
CUST-L-0084,Efua Dartey,RETAIL_INDIVIDUAL,GH,true,retail_individual
CUST-L-0085,Afia Appiah,RETAIL_INDIVIDUAL,GH,true,retail_individual
CUST-L-0086,Afia Antwi,RETAIL_INDIVIDUAL,GH,true,retail_individual
CUST-L-0087,Abena Darko,RETAIL_INDIVIDUAL,GH,true,retail_individual
CUST-L-0088,Kwesi Ofori,RETAIL_INDIVIDUAL,GH,true,retail_individual
CUST-L-0089,Esi Yeboah,RETAIL_INDIVIDUAL,GH,true,retail_individual
CUST-L-0090,Yaa Yeboah,RETAIL_INDIVIDUAL,GH,true,retail_individual
CUST-L-0091,Efua Owusu,RETAIL_INDIVIDUAL,GH,true,retail_individual
CUST-L-0092,Aba Adjei,RETAIL_INDIVIDUAL,GH,true,retail_individual
CUST-L-0093,Kwesi Quaye,RETAIL_INDIVIDUAL,GH,true,retail_individual
CUST-L-0094,Kwesi Frimpong,RETAIL_INDIVIDUAL,GH,true,retail_individual
CUST-L-0095,Afia Baffour,RETAIL_INDIVIDUAL,GH,true,retail_individual
CUST-L-0096,Akosua Baffour,RETAIL_INDIVIDUAL,GH,true,retail_individual
CUST-L-0097,Abena Adjei,RETAIL_INDIVIDUAL,GH,true,retail_individual
CUST-L-0098,Afia Yeboah,RETAIL_INDIVIDUAL,GH,true,retail_individual
CUST-L-0099,Kwesi Osei,RETAIL_INDIVIDUAL,GH,true,retail_individual
CUST-L-0100,Ama Mensah,RETAIL_INDIVIDUAL,GH,true,retail_individual
CUST-L-0101,Akosua Mensah,RETAIL_INDIVIDUAL,GH,true,retail_individual
CUST-L-0102,Kwesi Darko,RETAIL_INDIVIDUAL,GH,true,retail_individual
CUST-L-0103,Kofi Mensah,RETAIL_INDIVIDUAL,GH,true,retail_individual
CUST-L-0104,Esi Antwi,RETAIL_INDIVIDUAL,GH,true,retail_individual
CUST-L-0105,Nana Antwi,RETAIL_INDIVIDUAL,GH,true,retail_individual
CUST-L-0106,Kwesi Owusu,RETAIL_INDIVIDUAL,GH,true,retail_individual
CUST-L-0107,Abena Mensah,RETAIL_INDIVIDUAL,GH,true,retail_individual
CUST-L-0108,Akua Darko,RETAIL_INDIVIDUAL,GH,true,retail_individual
CUST-L-0109,Afia Frimpong,RETAIL_INDIVIDUAL,GH,true,retail_individual
CUST-L-0110,Adwoa Agyeman,RETAIL_INDIVIDUAL,GH,true,retail_individual
CUST-L-0111,Adwoa Mensah,RETAIL_INDIVIDUAL,GH,true,retail_individual
CUST-L-0112,Esi Frimpong,RETAIL_INDIVIDUAL,GH,true,retail_individual
CUST-L-0113,Afia Osei,RETAIL_INDIVIDUAL,GH,true,retail_individual
CUST-L-0114,Abena Quaye,RETAIL_INDIVIDUAL,GH,true,retail_individual
CUST-L-0115,Afia Asante,RETAIL_INDIVIDUAL,GH,true,retail_individual
CUST-L-0116,Kofi Osei,RETAIL_INDIVIDUAL,GH,true,retail_individual
CUST-L-0117,Kwesi Yeboah,RETAIL_INDIVIDUAL,GH,true,retail_individual
CUST-L-0118,Nana Osei,RETAIL_INDIVIDUAL,GH,true,retail_individual
CUST-L-0119,Nana Antwi,RETAIL_INDIVIDUAL,GH,true,retail_individual
CUST-L-0120,Kojo Quaye,RETAIL_INDIVIDUAL,GH,true,retail_individual
CUST-L-0121,Ama Frimpong,RETAIL_INDIVIDUAL,GH,true,retail_individual
CUST-L-0122,Akua Boateng,RETAIL_INDIVIDUAL,GH,true,retail_individual
CUST-L-0123,Afia Yeboah,RETAIL_INDIVIDUAL,GH,true,retail_individual
CUST-L-0124,Adwoa Asante,RETAIL_INDIVIDUAL,GH,true,retail_individual
CUST-L-0125,Efua Asante,RETAIL_INDIVIDUAL,GH,true,retail_individual
CUST-L-0126,Kwabena Ofori,RETAIL_INDIVIDUAL,GH,true,retail_individual
CUST-L-0127,Abena Baffour,RETAIL_INDIVIDUAL,GH,true,retail_individual
CUST-L-0128,Efua Adjei,RETAIL_INDIVIDUAL,GH,true,retail_individual
CUST-L-0129,Akua Quaye,RETAIL_INDIVIDUAL,GH,true,retail_individual
CUST-L-0130,Efua Osei,RETAIL_INDIVIDUAL,GH,true,retail_individual
CUST-L-0131,Kojo Mensah,RETAIL_INDIVIDUAL,GH,true,retail_individual
CUST-L-0132,Akosua Boateng,RETAIL_INDIVIDUAL,GH,true,retail_individual
CUST-L-0133,Afia Owusu,RETAIL_INDIVIDUAL,GH,true,retail_individual
CUST-L-0134,Yaa Owusu,RETAIL_INDIVIDUAL,GH,true,retail_individual
CUST-L-0135,Afia Antwi,RETAIL_INDIVIDUAL,GH,true,retail_individual
CUST-L-0136,Afia Ofori,RETAIL_INDIVIDUAL,GH,true,retail_individual
CUST-L-0137,Afia Appiah,RETAIL_INDIVIDUAL,GH,true,retail_individual
CUST-L-0138,Kwame Boateng,RETAIL_INDIVIDUAL,GH,true,retail_individual
CUST-L-0139,Efua Adjei,RETAIL_INDIVIDUAL,GH,true,retail_individual
CUST-L-0140,Kwesi Owusu,RETAIL_INDIVIDUAL,GH,true,retail_individual
CUST-L-0141,Kwesi Agyeman,RETAIL_INDIVIDUAL,GH,true,retail_individual
CUST-L-0142,Kwame Appiah,RETAIL_INDIVIDUAL,GH,true,retail_individual
CUST-L-0143,Efua Frimpong,RETAIL_INDIVIDUAL,GH,true,retail_individual
CUST-L-0144,Abena Mensah,RETAIL_INDIVIDUAL,GH,true,retail_individual
CUST-L-0145,Yaw Boateng,RETAIL_INDIVIDUAL,GH,true,retail_individual
CUST-L-0146,Adwoa Appiah,RETAIL_INDIVIDUAL,GH,true,retail_individual
CUST-L-0147,Nana Baffour,RETAIL_INDIVIDUAL,GH,true,retail_individual
CUST-L-0148,Kwesi Dartey,RETAIL_INDIVIDUAL,GH,true,retail_individual
CUST-L-0149,Fiifi Adjei,RETAIL_INDIVIDUAL,GH,true,retail_individual
CUST-L-0150,Akosua Owusu,RETAIL_INDIVIDUAL,GH,true,retail_individual
CUST-L-0151,Aba Asante,RETAIL_INDIVIDUAL,GH,true,retail_individual
CUST-L-0152,Aba Agyeman,RETAIL_INDIVIDUAL,GH,true,retail_individual
CUST-L-0153,Yaw Mensah,RETAIL_INDIVIDUAL,GH,true,retail_individual
CUST-L-0154,Adwoa Owusu,RETAIL_INDIVIDUAL,GH,true,retail_individual
CUST-L-0155,Nana Asante,RETAIL_INDIVIDUAL,GH,true,retail_individual
CUST-L-0156,Kofi Owusu,RETAIL_INDIVIDUAL,GH,true,retail_individual
CUST-L-0157,Afia Adjei,RETAIL_INDIVIDUAL,GH,true,retail_individual
CUST-L-0158,Yaa Owusu,RETAIL_INDIVIDUAL,GH,true,retail_individual
CUST-L-0159,Yaw Darko,RETAIL_INDIVIDUAL,GH,true,retail_individual
CUST-L-0160,Nana Boateng,RETAIL_INDIVIDUAL,GH,true,retail_individual
CUST-L-0161,Yaa Quaye,RETAIL_INDIVIDUAL,GH,true,retail_individual
CUST-L-0162,Kojo Osei,RETAIL_INDIVIDUAL,GH,true,retail_individual
CUST-L-0163,Kwabena Quaye,RETAIL_INDIVIDUAL,GH,true,retail_individual
CUST-L-0164,Abena Baffour,RETAIL_INDIVIDUAL,GH,true,retail_individual
CUST-L-0165,Kwabena Asante,RETAIL_INDIVIDUAL,GH,true,retail_individual
CUST-L-0166,Efua Dartey,RETAIL_INDIVIDUAL,GH,true,retail_individual
CUST-L-0167,Adwoa Osei,RETAIL_INDIVIDUAL,GH,true,retail_individual
CUST-L-0168,Abena Asante,RETAIL_INDIVIDUAL,GH,true,retail_individual
CUST-L-0169,Afia Frimpong,RETAIL_INDIVIDUAL,GH,true,retail_individual
CUST-L-0170,Kojo Agyeman,RETAIL_INDIVIDUAL,GH,true,retail_individual
CUST-L-0171,Kojo Frimpong,RETAIL_INDIVIDUAL,GH,true,retail_individual
CUST-L-0172,Abena Ofori,RETAIL_INDIVIDUAL,GH,true,retail_individual
CUST-L-0173,Aba Baffour,RETAIL_INDIVIDUAL,GH,true,retail_individual
CUST-L-0174,Kofi Adjei,RETAIL_INDIVIDUAL,GH,true,retail_individual
CUST-L-0175,Akosua Owusu,RETAIL_INDIVIDUAL,GH,true,retail_individual
CUST-L-0176,Fiifi Appiah,RETAIL_INDIVIDUAL,GH,true,retail_individual
CUST-L-0177,Yaa Dartey,RETAIL_INDIVIDUAL,GH,true,retail_individual
CUST-L-0178,Aba Antwi,RETAIL_INDIVIDUAL,GH,true,retail_individual
CUST-L-0179,Efua Antwi,RETAIL_INDIVIDUAL,GH,true,retail_individual
CUST-L-0180,Kwesi Asante,RETAIL_INDIVIDUAL,GH,true,retail_individual
CUST-L-0181,Kwesi Appiah,RETAIL_INDIVIDUAL,GH,true,retail_individual
CUST-L-0182,Nana Antwi,RETAIL_INDIVIDUAL,GH,true,retail_individual
CUST-L-0183,Kwabena Yeboah,RETAIL_INDIVIDUAL,GH,true,retail_individual
CUST-L-0184,Kwabena Antwi,RETAIL_INDIVIDUAL,GH,true,retail_individual
CUST-L-0185,Adwoa Antwi,RETAIL_INDIVIDUAL,GH,true,retail_individual
CUST-L-0186,Akua Appiah,RETAIL_INDIVIDUAL,GH,true,retail_individual
CUST-L-0187,Yaa Appiah,RETAIL_INDIVIDUAL,GH,true,retail_individual
CUST-L-0188,Abena Quaye,RETAIL_INDIVIDUAL,GH,true,retail_individual
CUST-L-0189,Nana Appiah,RETAIL_INDIVIDUAL,GH,true,retail_individual
CUST-L-0190,Esi Baffour,RETAIL_INDIVIDUAL,GH,true,retail_individual
CUST-L-0191,Kojo Frimpong,RETAIL_INDIVIDUAL,GH,true,retail_individual
CUST-L-0192,Efua Boateng,RETAIL_INDIVIDUAL,GH,true,retail_individual
CUST-L-0193,Adwoa Adjei,RETAIL_INDIVIDUAL,GH,true,retail_individual
CUST-L-0194,Esi Baffour,RETAIL_INDIVIDUAL,GH,true,retail_individual
CUST-L-0195,Yaw Yeboah,RETAIL_INDIVIDUAL,GH,true,retail_individual
CUST-L-0196,Fiifi Asante,RETAIL_INDIVIDUAL,GH,true,retail_individual
CUST-L-0197,Ama Ofori,RETAIL_INDIVIDUAL,GH,true,retail_individual
CUST-L-0198,Aba Darko,RETAIL_INDIVIDUAL,GH,true,retail_individual
CUST-L-0199,Kofi Antwi,RETAIL_INDIVIDUAL,GH,true,retail_individual
CUST-L-0200,Adwoa Boateng,RETAIL_INDIVIDUAL,GH,true,retail_individual
CUST-L-0201,Fiifi Mensah,RETAIL_INDIVIDUAL,GH,true,retail_individual
CUST-L-0202,Afia Owusu,RETAIL_INDIVIDUAL,GH,true,retail_individual
CUST-L-0203,Afia Antwi,RETAIL_INDIVIDUAL,GH,true,retail_individual
CUST-L-0204,Yaa Owusu,RETAIL_INDIVIDUAL,GH,true,retail_individual
CUST-L-0205,Kofi Boateng,RETAIL_INDIVIDUAL,GH,true,retail_individual
CUST-L-0206,Adwoa Boateng,RETAIL_INDIVIDUAL,GH,true,retail_individual
CUST-L-0207,Kwame Darko,RETAIL_INDIVIDUAL,GH,true,retail_individual
CUST-L-0208,Esi Baffour,RETAIL_INDIVIDUAL,GH,true,retail_individual
CUST-L-0209,Aba Osei,RETAIL_INDIVIDUAL,GH,true,retail_individual
CUST-L-0210,Akosua Agyeman,RETAIL_INDIVIDUAL,GH,true,retail_individual
CUST-L-0211,Afia Asante,RETAIL_INDIVIDUAL,GH,true,retail_individual
CUST-L-0212,Akua Antwi,RETAIL_INDIVIDUAL,GH,true,retail_individual
CUST-L-0213,Kwame Appiah,RETAIL_INDIVIDUAL,GH,true,retail_individual
CUST-L-0214,Kwame Boateng,RETAIL_INDIVIDUAL,GH,true,retail_individual
CUST-L-0215,Kwame Appiah,RETAIL_INDIVIDUAL,GH,true,retail_individual
CUST-L-0216,Kojo Baffour,RETAIL_INDIVIDUAL,GH,true,retail_individual
CUST-L-0217,Kojo Appiah,RETAIL_INDIVIDUAL,GH,true,retail_individual
CUST-L-0218,Adwoa Asante,RETAIL_INDIVIDUAL,GH,true,retail_individual
CUST-L-0219,Esi Mensah,RETAIL_INDIVIDUAL,GH,true,retail_individual
CUST-L-0220,Akosua Appiah,RETAIL_INDIVIDUAL,GH,true,retail_individual
CUST-L-0221,Aba Ofori,RETAIL_INDIVIDUAL,GH,true,retail_individual
CUST-L-0222,Efua Quaye,RETAIL_INDIVIDUAL,GH,true,retail_individual
CUST-L-0223,Kwame Agyeman,RETAIL_INDIVIDUAL,GH,true,retail_individual
CUST-L-0224,Ama Adjei,RETAIL_INDIVIDUAL,GH,true,retail_individual
CUST-L-0225,Kwabena Osei,RETAIL_INDIVIDUAL,GH,true,retail_individual
CUST-L-0226,Kofi Baffour,RETAIL_INDIVIDUAL,GH,true,retail_individual
CUST-L-0227,Kofi Adjei,RETAIL_INDIVIDUAL,GH,true,retail_individual
CUST-L-0228,Esi Mensah,RETAIL_INDIVIDUAL,GH,true,retail_individual
CUST-L-0229,Efua Quaye,RETAIL_INDIVIDUAL,GH,true,retail_individual
CUST-L-0230,Kofi Yeboah,RETAIL_INDIVIDUAL,GH,true,retail_individual
CUST-L-0231,Aba Mensah,RETAIL_INDIVIDUAL,GH,true,retail_individual
CUST-L-0232,Akosua Yeboah,RETAIL_INDIVIDUAL,GH,true,retail_individual
CUST-L-0233,Aba Darko,RETAIL_INDIVIDUAL,GH,true,retail_individual
CUST-L-0234,Yaa Appiah,RETAIL_INDIVIDUAL,GH,true,retail_individual
CUST-L-0235,Efua Appiah,RETAIL_INDIVIDUAL,GH,true,retail_individual
CUST-L-0236,Kwame Antwi,RETAIL_INDIVIDUAL,GH,true,retail_individual
CUST-L-0237,Abena Quaye,RETAIL_INDIVIDUAL,GH,true,retail_individual
CUST-L-0238,Ama Frimpong,RETAIL_INDIVIDUAL,GH,true,retail_individual
CUST-L-0239,Ama Agyeman,RETAIL_INDIVIDUAL,GH,true,retail_individual
CUST-L-0240,Kwame Quaye,RETAIL_INDIVIDUAL,GH,true,retail_individual
CUST-L-0241,Akua Mensah,RETAIL_INDIVIDUAL,GH,true,retail_individual
CUST-L-0242,Kwabena Darko,RETAIL_INDIVIDUAL,GH,true,retail_individual
CUST-L-0243,Kofi Boateng,RETAIL_INDIVIDUAL,GH,true,retail_individual
CUST-L-0244,Afia Adjei,RETAIL_INDIVIDUAL,GH,true,retail_individual
CUST-L-0245,Akua Appiah,RETAIL_INDIVIDUAL,GH,true,retail_individual
CUST-L-0246,Kofi Ofori,RETAIL_INDIVIDUAL,GH,true,retail_individual
CUST-L-0247,Akua Yeboah,RETAIL_INDIVIDUAL,GH,true,retail_individual
CUST-L-0248,Yaa Boateng,RETAIL_INDIVIDUAL,GH,true,retail_individual
CUST-L-0249,Adwoa Yeboah,RETAIL_INDIVIDUAL,GH,true,retail_individual
CUST-L-0250,Akua Baffour,RETAIL_INDIVIDUAL,GH,true,retail_individual
CUST-L-0251,Yaa Frimpong,RETAIL_INDIVIDUAL,GH,true,retail_individual
CUST-L-0252,Akua Ofori,RETAIL_INDIVIDUAL,GH,true,retail_individual
CUST-L-0253,Kwame Dartey,RETAIL_INDIVIDUAL,GH,true,retail_individual
CUST-L-0254,Efua Appiah,RETAIL_INDIVIDUAL,GH,true,retail_individual
CUST-L-0255,Afia Darko,RETAIL_INDIVIDUAL,GH,true,retail_individual
CUST-L-0256,Kofi Dartey,RETAIL_INDIVIDUAL,GH,true,retail_individual
CUST-L-0257,Kofi Darko,RETAIL_INDIVIDUAL,GH,true,retail_individual
CUST-L-0258,Yaw Quaye,RETAIL_INDIVIDUAL,GH,true,retail_individual
CUST-L-0259,Afia Dartey,RETAIL_INDIVIDUAL,GH,true,retail_individual
CUST-L-0260,Kwabena Owusu,RETAIL_INDIVIDUAL,GH,true,retail_individual
CUST-L-0261,Fiifi Darko,RETAIL_INDIVIDUAL,GH,true,retail_individual
CUST-L-0262,Akua Frimpong,RETAIL_INDIVIDUAL,GH,true,retail_individual
CUST-L-0263,Abena Owusu,RETAIL_INDIVIDUAL,GH,true,retail_individual
CUST-L-0264,Akosua Quaye,RETAIL_INDIVIDUAL,GH,true,retail_individual
CUST-L-0265,Nana Dartey,RETAIL_INDIVIDUAL,GH,true,retail_individual
CUST-L-0266,Afia Mensah,RETAIL_INDIVIDUAL,GH,true,retail_individual
CUST-L-0267,Afia Owusu,RETAIL_INDIVIDUAL,GH,true,retail_individual
CUST-L-0268,Efua Adjei,RETAIL_INDIVIDUAL,GH,true,retail_individual
CUST-L-0269,Esi Mensah,RETAIL_INDIVIDUAL,GH,true,retail_individual
CUST-L-0270,Aba Asante,RETAIL_INDIVIDUAL,GH,true,retail_individual
CUST-L-0271,Abena Antwi,RETAIL_INDIVIDUAL,GH,true,retail_individual
CUST-L-0272,Esi Yeboah,RETAIL_INDIVIDUAL,GH,true,retail_individual
CUST-L-0273,Kwesi Ofori,RETAIL_INDIVIDUAL,GH,true,retail_individual
CUST-L-0274,Nana Dartey,RETAIL_INDIVIDUAL,GH,true,retail_individual
CUST-L-0275,Ama Boateng,RETAIL_INDIVIDUAL,GH,true,retail_individual
CUST-L-0276,Kofi Dartey,RETAIL_INDIVIDUAL,GH,true,retail_individual
CUST-L-0277,Fiifi Yeboah,RETAIL_INDIVIDUAL,GH,true,retail_individual
CUST-L-0278,Akosua Asante,RETAIL_INDIVIDUAL,GH,true,retail_individual
CUST-L-0279,Akua Agyeman,RETAIL_INDIVIDUAL,GH,true,retail_individual
CUST-L-0280,Yaa Dartey,RETAIL_INDIVIDUAL,GH,true,retail_individual
CUST-L-0281,Yaw Antwi,RETAIL_INDIVIDUAL,GH,true,retail_individual
CUST-L-0282,Abena Adjei,RETAIL_INDIVIDUAL,GH,true,retail_individual
CUST-L-0283,Fiifi Osei,RETAIL_INDIVIDUAL,GH,true,retail_individual
CUST-L-0284,Yaw Quaye,RETAIL_INDIVIDUAL,GH,true,retail_individual
CUST-L-0285,Kwesi Ofori,RETAIL_INDIVIDUAL,GH,true,retail_individual
CUST-L-0286,Kwesi Owusu,RETAIL_INDIVIDUAL,GH,true,retail_individual
CUST-L-0287,Kwesi Boateng,RETAIL_INDIVIDUAL,GH,true,retail_individual
CUST-L-0288,Kwesi Ofori,RETAIL_INDIVIDUAL,GH,true,retail_individual
CUST-L-0289,Afia Dartey,RETAIL_INDIVIDUAL,GH,true,retail_individual
CUST-L-0290,Aba Boateng,RETAIL_INDIVIDUAL,GH,true,retail_individual
CUST-L-0291,Kwame Antwi,RETAIL_INDIVIDUAL,GH,true,retail_individual
CUST-L-0292,Akua Asante,RETAIL_INDIVIDUAL,GH,true,retail_individual
CUST-L-0293,Adjei Fabrics,SME,GH,true,sme
CUST-L-0294,Nana Appiah,RETAIL_INDIVIDUAL,GH,true,retail_individual
CUST-L-0295,Afia Osei,RETAIL_INDIVIDUAL,GH,true,retail_individual
CUST-L-0296,Yaa Owusu,RETAIL_INDIVIDUAL,GH,true,retail_individual
CUST-L-0297,Aba Adjei,RETAIL_INDIVIDUAL,GH,true,retail_individual
CUST-L-0298,Yaa Mensah,RETAIL_INDIVIDUAL,GH,true,retail_individual
CUST-L-0299,Fiifi Darko,RETAIL_INDIVIDUAL,GH,true,retail_individual
CUST-L-0300,Afia Dartey,RETAIL_INDIVIDUAL,GH,true,retail_individual
CUST-L-0301,Baffour Enterprise,SME,GH,true,sme
CUST-L-0302,Antwi Pharmacy,SME,GH,true,sme
CUST-L-0303,Kojo Agyeman,RETAIL_INDIVIDUAL,GH,true,retail_individual
CUST-L-0304,Aba Adjei,RETAIL_INDIVIDUAL,GH,true,retail_individual
CUST-L-0305,Kofi Antwi,RETAIL_INDIVIDUAL,GH,true,retail_individual
CUST-L-0306,Kwame Mensah,RETAIL_INDIVIDUAL,GH,true,retail_individual
CUST-L-0307,Kojo Baffour,RETAIL_INDIVIDUAL,GH,true,retail_individual
CUST-L-0308,Aba Agyeman,RETAIL_INDIVIDUAL,GH,true,retail_individual
CUST-L-0309,Fiifi Antwi,RETAIL_INDIVIDUAL,GH,true,retail_individual
CUST-L-0310,Ofori Pharmacy,SME,GH,true,sme
CUST-L-0311,Fiifi Osei,RETAIL_INDIVIDUAL,GH,true,retail_individual
CUST-L-0312,Aba Adjei,RETAIL_INDIVIDUAL,GH,true,retail_individual
CUST-L-0313,Owusu Ventures,SME,GH,true,sme
CUST-L-0314,Yaw Mensah,RETAIL_INDIVIDUAL,GH,true,retail_individual
CUST-L-0315,Kwesi Ofori,RETAIL_INDIVIDUAL,GH,true,retail_individual
CUST-L-0316,Akua Agyeman,RETAIL_INDIVIDUAL,GH,true,retail_individual
CUST-L-0317,Osei Trading,SME,GH,true,sme
CUST-L-0318,Fiifi Boateng,RETAIL_INDIVIDUAL,GH,true,retail_individual
CUST-L-0319,Antwi Logistics,SME,GH,true,sme
CUST-L-0320,Aba Mensah,RETAIL_INDIVIDUAL,GH,true,retail_individual
CUST-L-0321,Afia Owusu,RETAIL_INDIVIDUAL,GH,true,retail_individual
CUST-L-0322,Aba Osei,RETAIL_INDIVIDUAL,GH,true,retail_individual
CUST-L-0323,Akosua Yeboah,RETAIL_INDIVIDUAL,GH,true,retail_individual
CUST-L-0324,Kofi Adjei,RETAIL_INDIVIDUAL,GH,true,retail_individual
CUST-L-0325,Antwi Tailoring,SME,GH,true,sme
CUST-L-0326,Nana Quaye,RETAIL_INDIVIDUAL,GH,true,retail_individual
CUST-L-0327,Efua Darko,RETAIL_INDIVIDUAL,GH,true,retail_individual
CUST-L-0328,Adjei Ventures,SME,GH,true,sme
CUST-L-0329,Yaa Yeboah,RETAIL_INDIVIDUAL,GH,true,retail_individual
CUST-L-0330,Ama Frimpong,RETAIL_INDIVIDUAL,GH,true,retail_individual
CUST-L-0331,Yeboah Enterprise,SME,GH,true,sme
CUST-L-0332,Kojo Asante,RETAIL_INDIVIDUAL,GH,true,retail_individual
CUST-L-0333,Esi Quaye,RETAIL_INDIVIDUAL,GH,true,retail_individual
CUST-L-0334,Kwabena Adjei,RETAIL_INDIVIDUAL,GH,true,retail_individual
CUST-L-0335,Akosua Osei,RETAIL_INDIVIDUAL,GH,true,retail_individual
CUST-L-0336,Ofori Logistics,SME,GH,true,sme
CUST-L-0337,Baffour Motors,SME,GH,true,sme
CUST-L-0338,Kwame Quaye,RETAIL_INDIVIDUAL,GH,true,retail_individual
CUST-L-0339,Ofori Pharmacy,SME,GH,true,sme
CUST-L-0340,Nana Boateng,RETAIL_INDIVIDUAL,GH,true,retail_individual
CUST-L-0341,Quaye Printing,SME,GH,true,sme
CUST-L-0342,Efua Dartey,RETAIL_INDIVIDUAL,GH,true,retail_individual
CUST-L-0343,Esi Darko,RETAIL_INDIVIDUAL,GH,true,retail_individual
CUST-L-0344,Mensah Hardware,SME,GH,true,sme
CUST-L-0345,Efua Frimpong,RETAIL_INDIVIDUAL,GH,true,retail_individual
CUST-L-0346,Adwoa Quaye,RETAIL_INDIVIDUAL,GH,true,retail_individual
CUST-L-0347,Owusu Tailoring,SME,GH,true,sme
CUST-L-0348,Boateng Foods,SME,GH,true,sme
CUST-L-0349,Dartey Printing,SME,GH,true,sme
CUST-L-0350,Appiah Tailoring,SME,GH,true,sme
CUST-L-0351,Nana Quaye,RETAIL_INDIVIDUAL,GH,true,retail_individual
CUST-L-0352,Adwoa Dartey,RETAIL_INDIVIDUAL,GH,true,retail_individual
CUST-L-0353,Kwesi Antwi,RETAIL_INDIVIDUAL,GH,true,retail_individual
CUST-L-0354,Abena Owusu,RETAIL_INDIVIDUAL,GH,true,retail_individual
CUST-L-0355,Esi Adjei,RETAIL_INDIVIDUAL,GH,true,retail_individual
CUST-L-0356,Quaye Trading,SME,GH,true,sme
CUST-L-0357,Aba Baffour,RETAIL_INDIVIDUAL,GH,true,retail_individual
CUST-L-0358,Adwoa Adjei,RETAIL_INDIVIDUAL,GH,true,retail_individual
CUST-L-0359,Akua Agyeman,RETAIL_INDIVIDUAL,GH,true,retail_individual
CUST-L-0360,Yeboah Foods,SME,GH,true,sme
CUST-L-0361,Adjei Foods,SME,GH,true,sme
CUST-L-0362,Nana Agyeman,RETAIL_INDIVIDUAL,GH,true,retail_individual
CUST-L-0363,Esi Frimpong,RETAIL_INDIVIDUAL,GH,true,retail_individual
CUST-L-0364,Kojo Appiah,RETAIL_INDIVIDUAL,GH,true,retail_individual
CUST-L-0365,Dartey Pharmacy,SME,GH,true,sme
CUST-L-0366,Quaye Hardware,SME,GH,true,sme
CUST-L-0367,Antwi Pharmacy,SME,GH,true,sme
CUST-L-0368,Akua Adjei,RETAIL_INDIVIDUAL,GH,true,retail_individual
CUST-L-0369,Yaw Darko,RETAIL_INDIVIDUAL,GH,true,retail_individual
CUST-L-0370,Efua Boateng,RETAIL_INDIVIDUAL,GH,true,retail_individual
CUST-L-0371,Quaye Foods,SME,GH,true,sme
CUST-L-0372,Esi Appiah,RETAIL_INDIVIDUAL,GH,true,retail_individual
CUST-L-0373,Efua Mensah,RETAIL_INDIVIDUAL,GH,true,retail_individual
CUST-L-0374,Yaa Mensah,RETAIL_INDIVIDUAL,GH,true,retail_individual
CUST-L-0375,Akua Mensah,RETAIL_INDIVIDUAL,GH,true,retail_individual
CUST-L-0376,Afia Frimpong,RETAIL_INDIVIDUAL,GH,true,retail_individual
CUST-L-0377,Abena Agyeman,RETAIL_INDIVIDUAL,GH,true,retail_individual
CUST-L-0378,Frimpong Farms,SME,GH,true,sme
CUST-L-0379,Quaye Tailoring,SME,GH,true,sme
CUST-L-0380,Boateng Hardware,SME,GH,true,sme
CUST-L-0381,Appiah Tailoring,SME,GH,true,sme
CUST-L-0382,Antwi Tailoring,SME,GH,true,sme
CUST-L-0383,Agyeman Pharmacy,SME,GH,true,sme
CUST-L-0384,Osei Tailoring,SME,GH,true,sme
CUST-L-0385,Ama Asante,RETAIL_INDIVIDUAL,GH,true,retail_individual
CUST-L-0386,Afia Adjei,RETAIL_INDIVIDUAL,GH,true,retail_individual
CUST-L-0387,Efua Darko,RETAIL_INDIVIDUAL,GH,true,retail_individual
CUST-L-0388,Baffour Logistics,SME,GH,true,sme
CUST-L-0389,Yaa Yeboah,RETAIL_INDIVIDUAL,GH,true,retail_individual
CUST-L-0390,Kwesi Agyeman,RETAIL_INDIVIDUAL,GH,true,retail_individual
CUST-L-0391,Nana Baffour,RETAIL_INDIVIDUAL,GH,true,retail_individual
CUST-L-0392,Kwame Dartey,RETAIL_INDIVIDUAL,GH,true,retail_individual
CUST-L-0393,Abena Yeboah,RETAIL_INDIVIDUAL,GH,true,retail_individual
CUST-L-0394,Akosua Agyeman,RETAIL_INDIVIDUAL,GH,true,retail_individual
CUST-L-0395,Kojo Dartey,RETAIL_INDIVIDUAL,GH,true,retail_individual
CUST-L-0396,Abena Dartey,RETAIL_INDIVIDUAL,GH,true,retail_individual
CUST-L-0397,Efua Owusu,RETAIL_INDIVIDUAL,GH,true,retail_individual
CUST-L-0398,Akua Yeboah,RETAIL_INDIVIDUAL,GH,true,retail_individual
CUST-L-0399,Abena Adjei,RETAIL_INDIVIDUAL,GH,true,retail_individual
CUST-L-0400,Esi Frimpong,RETAIL_INDIVIDUAL,GH,true,retail_individual
CUST-L-0401,Yaa Appiah,RETAIL_INDIVIDUAL,GH,true,retail_individual
CUST-L-0402,Adwoa Ofori,RETAIL_INDIVIDUAL,GH,true,retail_individual
CUST-L-0403,Fiifi Frimpong,RETAIL_INDIVIDUAL,GH,true,retail_individual
CUST-L-0404,Nana Frimpong,RETAIL_INDIVIDUAL,GH,true,retail_individual
CUST-L-0405,Kwabena Antwi,RETAIL_INDIVIDUAL,GH,true,retail_individual
CUST-L-0406,Fiifi Frimpong,RETAIL_INDIVIDUAL,GH,true,retail_individual
CUST-L-0407,Yaa Adjei,RETAIL_INDIVIDUAL,GH,true,retail_individual
CUST-L-0408,Nana Frimpong,RETAIL_INDIVIDUAL,GH,true,retail_individual
CUST-L-0409,Fiifi Dartey,RETAIL_INDIVIDUAL,GH,true,retail_individual
CUST-L-0410,Yaa Quaye,RETAIL_INDIVIDUAL,GH,true,retail_individual
CUST-L-0411,Afia Dartey,RETAIL_INDIVIDUAL,GH,true,retail_individual
CUST-L-0412,Yaa Agyeman,RETAIL_INDIVIDUAL,GH,true,retail_individual
CUST-L-0413,Adwoa Antwi,RETAIL_INDIVIDUAL,GH,true,retail_individual
CUST-L-0414,Efua Mensah,RETAIL_INDIVIDUAL,GH,true,retail_individual
CUST-L-0415,Akua Antwi,RETAIL_INDIVIDUAL,GH,true,retail_individual
